event_id,title,event_type,start_ts,end_ts,location,host_type,host_name,company_id,club_id,career_paths,target_majors,related_skills,capacity,registration_required,is_virtual,description,source
EV0175,Cyber@VT: Linux Lab,workshop,2026-08-24T18:00:00,2026-08-24T19:00:00,Durham Hall,club,Cyber@VT,,CL015,CP10,CS|CPE|BIT,Linux|Penetration Testing,100,false,false,Hosted by Cyber@VT. Open to all interested students.,mock
EV0049,Capital One Networking Night: Sales & Trading / Markets,networking,2026-08-24T18:30:00,2026-08-24T20:30:00,Squires Student Center,company,Capital One,CO017,,CP05,ECON|FIN|MATH,Excel Modeling|Financial Statement Analysis|Python|Statistics,40,true,false,Meet Capital One recruiters and VT alumni. Learn about sales & trading / markets internships and full-time roles. Bring a resume.,mock
EV0242,Society of Hispanic Professional Engineers: Structural Analysis Workshop,workshop,2026-08-24T19:00:00,2026-08-24T20:30:00,Virtual (Zoom),club,Society of Hispanic Professional Engineers,,CL026,CP15|CP16|CP01,ME|EE|CPE|CEE|CS|ISE,C/C++|Structural Analysis,100,true,true,Hosted by Society of Hispanic Professional Engineers. Open to all interested students.,mock
EV0133,Alpha Kappa Psi: Professional Development Night: Data Visualization,club_meeting,2026-08-24T19:30:00,2026-08-24T21:00:00,Torgersen Hall,club,Alpha Kappa Psi,,CL006,CP07|CP04|CP14,FIN|MGT|MKTG|BIT|ACIS,Data Visualization|LBO Modeling,50,false,false,Hosted by Alpha Kappa Psi. Open to all interested students.,mock
EV0276,Excel for Everyone,workshop,2026-08-25T16:00:00,2026-08-25T17:15:00,Newman Library,university,Career and Professional Development,,,CP04|CP05|CP07|CP09|CP13,ALL,Excel Modeling,60,true,false,Excel for Everyone led by Career and Professional Development staff.,mock
EV0143,Product Management Club: Product Roadmapping Workshop,workshop,2026-08-25T18:00:00,2026-08-25T20:00:00,Holden Hall,club,Product Management Club,,CL009,CP11,CS|BIT|MGT|ID,Product Roadmapping|User Research,50,false,false,Hosted by Product Management Club. Open to all interested students.,mock
EV0169,VTHacks: Mock Technical Interviews,club_meeting,2026-08-25T18:30:00,2026-08-25T20:30:00,Durham Hall,club,VTHacks,,CL014,CP01|CP03|CP11,CS|CPE|CMDA|EE,SQL|User Research,75,false,false,Hosted by VTHacks. Open to all interested students.,mock
EV0126,Beta Alpha Psi: Auditing Study Session,club_meeting,2026-08-25T19:00:00,2026-08-25T20:00:00,Johnston Student Center,club,Beta Alpha Psi,,CL005,CP09,ACIS|FIN,Accounting Fundamentals|Auditing,75,false,false,Hosted by Beta Alpha Psi. Open to all interested students.,mock
EV0057,Freddie Mac Resume Reviews: Audit & Assurance & Software Engineering,resume_review,2026-08-26T13:00:00,2026-08-26T15:00:00,Torgersen Hall,company,Freddie Mac,CO020,,CP09|CP01,ACIS|CMDA|CPE|CS|FIN|MATH,Accounting Fundamentals|Auditing|Data Structures & Algorithms|Excel Modeling|Financial Statement Analysis|Git|Java|Python,80,true,false,Meet Freddie Mac recruiters and VT alumni. Learn about audit & assurance & software engineering internships and full-time roles. Bring a resume.,mock
EV0151,Marketing Association: Data Visualization Workshop,workshop,2026-08-26T18:00:00,2026-08-26T19:00:00,Torgersen Hall,club,Marketing Association,,CL010,CP14,MKTG|COMM|MGT,Data Visualization,100,false,false,Hosted by Marketing Association. Open to all interested students.,mock
EV0156,Supply Chain Club: Excel Modeling Case Practice,club_meeting,2026-08-26T19:30:00,2026-08-26T20:30:00,Newman Library,club,Supply Chain Club,,CL011,CP13,ISE|MGT|BIT,Excel Modeling|SQL,50,true,false,Hosted by Supply Chain Club. Open to all interested students.,mock
EV0053,Citadel Coffee Chats: Quantitative Finance & Software Engineering,coffee_chat,2026-08-27T12:00:00,2026-08-27T13:00:00,Data and Decision Sciences Building,company,Citadel,CO018,,CP06|CP01,CMDA|CPE|CS|MATH|STAT,C/C++|Data Structures & Algorithms|Git|Java|Python|Statistics|Stochastic Calculus,60,true,false,Meet Citadel recruiters and VT alumni. Learn about quantitative finance & software engineering internships and full-time roles. Bring a resume.,mock
EV0144,Product Management Club: PM Case Night,club_meeting,2026-08-27T18:00:00,2026-08-27T20:00:00,Pamplin Hall,club,Product Management Club,,CL009,CP11,CS|BIT|MGT|ID,Product Roadmapping|User Research,100,true,false,Hosted by Product Management Club. Open to all interested students.,mock
EV0017,EY Networking Night: Management Consulting & Technology Consulting,networking,2026-08-27T18:30:00,2026-08-27T20:30:00,Johnston Student Center,company,EY,CO004,,CP07|CP08,BIT|CMDA|CS|ECON|FIN|ISE|MGT,Business Strategy|Case Interviewing|Cloud (AWS/Azure/GCP)|Excel Modeling|Market Sizing|Project Management|SQL|Spark / Databricks,200,true,false,Meet EY recruiters and VT alumni. Learn about management consulting & technology consulting internships and full-time roles. Bring a resume.,mock
EV0193,Women in Computing: Product Roadmapping Workshop,workshop,2026-08-27T19:00:00,2026-08-27T21:00:00,Holden Hall,club,Women in Computing,,CL018,CP01|CP11|CP02,CS|CPE|CMDA,Product Roadmapping|User Research,50,false,false,Hosted by Women in Computing. Open to all interested students.,mock
EV0224,Biomedical Engineering Society: Industry Night,club_meeting,2026-08-27T19:30:00,2026-08-27T20:30:00,Virtual (Zoom),club,Biomedical Engineering Society,,CL023,CP18,BME|BIO,MATLAB|Statistics,50,true,true,Hosted by Biomedical Engineering Society. Open to all interested students.,mock
EV0265,Behavioral Interview Workshop,workshop,2026-08-31T12:30:00,2026-08-31T13:45:00,Newman Library,university,Career and Professional Development,,,CP01|CP04,ALL,Behavioral Interviewing,60,true,false,Behavioral Interview Workshop led by Career and Professional Development staff.,mock
EV0235,National Society of Black Engineers: Design Team Build Session,club_meeting,2026-09-01T18:00:00,2026-09-01T19:00:00,Virtual (Zoom),club,National Society of Black Engineers,,CL025,CP15|CP16|CP01|CP17,ME|EE|CPE|CEE|CS|ISE,Circuit Design|MATLAB,50,false,true,Hosted by National Society of Black Engineers. Open to all interested students.,mock
EV0182,Data Science Club: Python Workshop,workshop,2026-09-01T18:30:00,2026-09-01T20:30:00,Graduate Life Center,club,Data Science Club,,CL016,CP02|CP03,CMDA|STAT|CS|MATH,Python|Statistics,30,true,false,Hosted by Data Science Club. Open to all interested students.,mock
EV0122,Beta Alpha Psi: Auditing Study Session,club_meeting,2026-09-01T19:00:00,2026-09-01T20:30:00,Data and Decision Sciences Building,club,Beta Alpha Psi,,CL005,CP09,ACIS|FIN,Auditing|Excel Modeling,100,false,false,Hosted by Beta Alpha Psi. Open to all interested students.,mock
EV0239,Society of Hispanic Professional Engineers: Design Team Build Session,club_meeting,2026-09-01T19:00:00,2026-09-01T20:30:00,Virtual (Zoom),club,Society of Hispanic Professional Engineers,,CL026,CP15|CP16|CP01,ME|EE|CPE|CEE|CS|ISE,C/C++|MATLAB,75,false,true,Hosted by Society of Hispanic Professional Engineers. Open to all interested students.,mock
EV0127,Alpha Kappa Psi: Professional Development Night: Market Sizing,club_meeting,2026-09-01T19:30:00,2026-09-01T20:30:00,Squires Student Center,club,Alpha Kappa Psi,,CL006,CP07|CP04|CP14,FIN|MGT|MKTG|BIT|ACIS,Business Strategy|Market Sizing,75,true,false,Hosted by Alpha Kappa Psi. Open to all interested students.,mock
EV0220,ASCE Student Chapter: Industry Night,club_meeting,2026-09-01T19:30:00,2026-09-01T21:00:00,Kelly Hall,club,ASCE Student Chapter,,CL022,CP17,CEE,Project Management,50,false,false,Hosted by ASCE Student Chapter. Open to all interested students.,mock
EV0061,Google Coffee Chats: Product Management,coffee_chat,2026-09-02T12:00:00,2026-09-02T13:00:00,Data and Decision Sciences Building,company,Google,CO023,,CP11,BIT|CS|ID|MGT,Business Strategy|Product Roadmapping|SQL|User Research,60,true,false,Meet Google recruiters and VT alumni. Learn about product management internships and full-time roles. Bring a resume.,mock
EV0088,Clark Construction Info Session: Supply Chain & Operations,info_session,2026-09-02T18:00:00,2026-09-02T19:30:00,Johnston Student Center,company,Clark Construction,CO037,,CP13,BIT|ISE|MGT,Excel Modeling|Project Management|SQL|Supply Chain Analytics,40,true,false,Meet Clark Construction recruiters and VT alumni. Learn about supply chain & operations internships and full-time roles. Bring a resume.,mock
EV0206,IEEE Student Branch: Design Team Build Session,club_meeting,2026-09-02T19:00:00,2026-09-02T20:30:00,Graduate Life Center,club,IEEE Student Branch,,CL020,CP16|CP01,EE|CPE,C/C++|Circuit Design,75,true,false,Hosted by IEEE Student Branch. Open to all interested students.,mock
EV0255,Toastmasters @ VT: Impromptu Speaking Practice,club_meeting,2026-09-02T19:00:00,2026-09-02T20:30:00,Owens Banquet Hall,club,Toastmasters @ VT,,CL029,,ALL,Leadership|Public Speaking,100,false,false,Hosted by Toastmasters @ VT. Open to all interested students.,mock
EV0154,Supply Chain Club: Excel Modeling Case Practice,club_meeting,2026-09-02T19:30:00,2026-09-02T21:30:00,Holden Hall,club,Supply Chain Club,,CL011,CP13,ISE|MGT|BIT,Excel Modeling|SQL,30,true,false,Hosted by Supply Chain Club. Open to all interested students.,mock
EV0024,KPMG Networking Night: Audit & Assurance & Technology Consulting,networking,2026-09-03T18:30:00,2026-09-03T20:30:00,Pamplin Hall,company,KPMG,CO006,,CP09|CP08,ACIS|BIT|CMDA|CS|FIN|ISE,Accounting Fundamentals|Auditing|Cloud (AWS/Azure/GCP)|Excel Modeling|Financial Statement Analysis|Project Management|SQL|Spark / Databricks,80,true,false,Meet KPMG recruiters and VT alumni. Learn about audit & assurance & technology consulting internships and full-time roles. Bring a resume.,mock
EV0204,IEEE Student Branch: Design Team Build Session,club_meeting,2026-09-03T19:00:00,2026-09-03T20:00:00,Newman Library,club,IEEE Student Branch,,CL020,CP16|CP01,EE|CPE,Data Structures & Algorithms|Embedded Systems,75,true,false,Hosted by IEEE Student Branch. Open to all interested students.,mock
EV0065,Meta Resume Reviews: AI / Machine Learning Engineering,resume_review,2026-09-04T13:00:00,2026-09-04T15:00:00,Torgersen Hall,company,Meta,CO024,,CP03,CMDA|CPE|CS,Deep Learning|LLMs & AI Agents|Machine Learning|Python,40,true,false,Meet Meta recruiters and VT alumni. Learn about ai / machine learning engineering internships and full-time roles. Bring a resume.,mock
EV0238,Society of Hispanic Professional Engineers: Java Workshop,workshop,2026-09-04T19:00:00,2026-09-04T21:00:00,Data and Decision Sciences Building,club,Society of Hispanic Professional Engineers,,CL026,CP15|CP16|CP01,ME|EE|CPE|CEE|CS|ISE,Data Structures & Algorithms|Java,30,true,false,Hosted by Society of Hispanic Professional Engineers. Open to all interested students.,mock
EV0229,Society of Women Engineers: Python Workshop,workshop,2026-09-07T18:00:00,2026-09-07T19:00:00,Torgersen Hall,club,Society of Women Engineers,,CL024,CP15|CP16|CP01|CP17,ME|EE|CPE|CEE|ISE|BME|CS,Project Management|Python,75,false,false,Hosted by Society of Women Engineers. Open to all interested students.,mock
EV0195,UX Design Club: Portfolio Review Night,club_meeting,2026-09-07T18:30:00,2026-09-07T20:30:00,Holden Hall,club,UX Design Club,,CL019,CP12|CP11,ID|CS|COMM,Figma|Product Roadmapping,75,false,false,Hosted by UX Design Club. Open to all interested students.,mock
EV0008,Deloitte Coffee Chats: Cybersecurity & Technology Consulting,coffee_chat,2026-09-08T12:00:00,2026-09-08T13:00:00,Data and Decision Sciences Building,company,Deloitte,CO001,,CP10|CP08,BIT|CMDA|CPE|CS|ISE,Cloud (AWS/Azure/GCP)|Linux|Network Security|Penetration Testing|Project Management|Python|SQL|Spark / Databricks,200,true,false,Meet Deloitte recruiters and VT alumni. Learn about cybersecurity & technology consulting internships and full-time roles. Bring a resume.,mock
EV0147,Marketing Association: Data Visualization Workshop,workshop,2026-09-08T18:00:00,2026-09-08T19:30:00,Data and Decision Sciences Building,club,Marketing Association,,CL010,CP14,MKTG|COMM|MGT,Data Visualization,30,true,false,Hosted by Marketing Association. Open to all interested students.,mock
EV0114,Investment Banking Club: LBO Modeling Workshop,workshop,2026-09-08T19:00:00,2026-09-08T20:30:00,Goodwin Hall,club,Investment Banking Club,,CL003,CP04,FIN|ACIS|ECON,DCF Valuation|LBO Modeling,100,true,false,Hosted by Investment Banking Club. Open to all interested students.,mock
EV0226,Biomedical Engineering Society: Statistics Workshop,workshop,2026-09-08T19:30:00,2026-09-08T20:30:00,Newman Library,club,Biomedical Engineering Society,,CL023,CP18,BME|BIO,Statistics,50,false,false,Hosted by Biomedical Engineering Society. Open to all interested students.,mock
EV0266,Behavioral Interview Workshop,workshop,2026-09-09T12:30:00,2026-09-09T13:45:00,Newman Library,university,Career and Professional Development,,,CP01|CP04,ALL,Behavioral Interviewing,60,true,false,Behavioral Interview Workshop led by Career and Professional Development staff.,mock
EV0072,Northrop Grumman Networking Night: Mechanical / Aerospace Engineering & Software Engineering,networking,2026-09-09T18:30:00,2026-09-09T20:30:00,Squires Student Center,company,Northrop Grumman,CO029,,CP15|CP01,CMDA|CPE|CS|ISE|MATH|ME,CAD (SolidWorks)|Data Structures & Algorithms|Git|Java|MATLAB|Project Management|Python|Structural Analysis,200,true,false,Meet Northrop Grumman recruiters and VT alumni. Learn about mechanical / aerospace engineering & software engineering internships and full-time roles. Bring a resume.,mock
EV0183,Data Science Club: Machine Learning Workshop,workshop,2026-09-09T18:30:00,2026-09-09T20:30:00,Johnston Student Center,club,Data Science Club,,CL016,CP02|CP03,CMDA|STAT|CS|MATH,Machine Learning|SQL,100,true,false,Hosted by Data Science Club. Open to all interested students.,mock
EV0228,Society of Women Engineers: Industry Night,club_meeting,2026-09-10T18:00:00,2026-09-10T19:00:00,Goodwin Hall,club,Society of Women Engineers,,CL024,CP15|CP16|CP01|CP17,ME|EE|CPE|CEE|ISE|BME|CS,Circuit Design|Project Management,75,false,false,Hosted by Society of Women Engineers. Open to all interested students.,mock
EV0234,National Society of Black Engineers: Design Team Build Session,club_meeting,2026-09-10T18:00:00,2026-09-10T19:30:00,Holden Hall,club,National Society of Black Engineers,,CL025,CP15|CP16|CP01|CP17,ME|EE|CPE|CEE|CS|ISE,Circuit Design|Project Management,30,false,false,Hosted by National Society of Black Engineers. Open to all interested students.,mock
EV0138,VT Consulting Group: Case Interview Bootcamp,workshop,2026-09-10T19:30:00,2026-09-10T21:30:00,Virtual (Zoom),club,VT Consulting Group,,CL008,CP07|CP08,MGT|FIN|ECON|BIT|ISE,Cloud (AWS/Azure/GCP)|SQL,30,false,true,Hosted by VT Consulting Group. Open to all interested students.,mock
EV0225,Biomedical Engineering Society: Design Team Build Session,club_meeting,2026-09-10T19:30:00,2026-09-10T21:00:00,Goodwin Hall,club,Biomedical Engineering Society,,CL023,CP18,BME|BIO,MATLAB|Statistics,75,false,false,Hosted by Biomedical Engineering Society. Open to all interested students.,mock
EV0237,National Society of Black Engineers: C/C++ Workshop,workshop,2026-09-11T18:00:00,2026-09-11T20:00:00,Virtual (Zoom),club,National Society of Black Engineers,,CL025,CP15|CP16|CP01|CP17,ME|EE|CPE|CEE|CS|ISE,C/C++|MATLAB,75,false,true,Hosted by National Society of Black Engineers. Open to all interested students.,mock
EV0249,Undergraduate Research Society: Research Poster Workshop,workshop,2026-09-11T18:00:00,2026-09-11T19:30:00,McBryde Hall,club,Undergraduate Research Society,,CL027,CP18|CP03|CP02,BIO|BME|CS|CMDA|STAT,Machine Learning|Python,50,false,false,Hosted by Undergraduate Research Society. Open to all interested students.,mock
EV0028,McKinsey & Company Networking Night: Management Consulting,networking,2026-09-11T18:30:00,2026-09-11T20:30:00,Torgersen Hall,company,McKinsey & Company,CO008,,CP07,BIT|ECON|FIN|ISE|MGT,Business Strategy|Case Interviewing|Excel Modeling|Market Sizing,40,true,false,Meet McKinsey & Company recruiters and VT alumni. Learn about management consulting internships and full-time roles. Bring a resume.,mock
EV0034,Goldman Sachs Networking Night: Sales & Trading / Markets & Software Engineering,networking,2026-09-11T18:30:00,2026-09-11T20:30:00,Data and Decision Sciences Building,company,Goldman Sachs,CO011,,CP05|CP01,CMDA|CPE|CS|ECON|FIN|MATH,Data Structures & Algorithms|Excel Modeling|Financial Statement Analysis|Git|Java|Python|Statistics,40,true,false,Meet Goldman Sachs recruiters and VT alumni. Learn about sales & trading / markets & software engineering internships and full-time roles. Bring a resume.,mock
EV0047,Wells Fargo Networking Night: Software Engineering,networking,2026-09-11T18:30:00,2026-09-11T20:30:00,Torgersen Hall,company,Wells Fargo,CO015,,CP01,CMDA|CPE|CS|MATH,Data Structures & Algorithms|Git|Java|Python,200,true,false,Meet Wells Fargo recruiters and VT alumni. Learn about software engineering internships and full-time roles. Bring a resume.,mock
EV0213,ASME Student Section: Industry Night,club_meeting,2026-09-11T18:30:00,2026-09-11T19:30:00,Torgersen Hall,club,ASME Student Section,,CL021,CP15,ME|ISE,CAD (SolidWorks)|Structural Analysis,75,false,false,Hosted by ASME Student Section. Open to all interested students.,mock
EV0087,Clark Construction Resume Reviews: Supply Chain & Operations,resume_review,2026-09-14T13:00:00,2026-09-14T15:00:00,Squires Student Center,company,Clark Construction,CO037,,CP13,BIT|ISE|MGT,Excel Modeling|Project Management|SQL|Supply Chain Analytics,60,true,false,Meet Clark Construction recruiters and VT alumni. Learn about supply chain & operations internships and full-time roles. Bring a resume.,mock
EV0240,Society of Hispanic Professional Engineers: Industry Night,club_meeting,2026-09-14T19:00:00,2026-09-14T20:00:00,Virtual (Zoom),club,Society of Hispanic Professional Engineers,,CL026,CP15|CP16|CP01,ME|EE|CPE|CEE|CS|ISE,Embedded Systems|Python,50,true,true,Hosted by Society of Hispanic Professional Engineers. Open to all interested students.,mock
EV0077,Collins Aerospace Workshop: Electrical & Embedded Engineering & Mechanical / Aerospace Engineering,technical_workshop,2026-09-15T17:00:00,2026-09-15T19:00:00,Data and Decision Sciences Building,company,Collins Aerospace,CO033,,CP16|CP15,CPE|EE|ISE|ME,C/C++|CAD (SolidWorks)|Circuit Design|Embedded Systems|MATLAB|Project Management|Structural Analysis,80,true,false,Meet Collins Aerospace recruiters and VT alumni. Learn about electrical & embedded engineering & mechanical / aerospace engineering internships and full-time roles. Bring a resume.,mock
EV0003,Business Horizons,career_fair,2026-09-16T10:00:00,2026-09-16T16:00:00,Squires Commonwealth Ballroom,university,Pamplin College of Business,,,CP04|CP05|CP07|CP08|CP09|CP13|CP14,FIN|ACIS|BIT|MKTG|MGT|ECON,Networking|Behavioral Interviewing,2500,false,false,Pamplin's flagship business career fair.,mock
EV0268,Salary Negotiation 101,workshop,2026-09-16T16:00:00,2026-09-16T17:15:00,Virtual (Zoom),university,Career and Professional Development,,,CP04|CP05|CP07|CP08|CP11|CP12|CP14|CP19,ALL,Networking|Public Speaking,60,true,true,Salary Negotiation 101 led by Career and Professional Development staff.,mock
EV0246,Undergraduate Research Society: Research Poster Workshop,workshop,2026-09-17T18:00:00,2026-09-17T20:00:00,Johnston Student Center,club,Undergraduate Research Society,,CL027,CP18|CP03|CP02,BIO|BME|CS|CMDA|STAT,Deep Learning,50,false,false,Hosted by Undergraduate Research Society. Open to all interested students.,mock
EV0157,Supply Chain Club: Excel Modeling Case Practice,club_meeting,2026-09-17T19:30:00,2026-09-17T21:30:00,Squires Student Center,club,Supply Chain Club,,CL011,CP13,ISE|MGT|BIT,Excel Modeling,50,false,false,Hosted by Supply Chain Club. Open to all interested students.,mock
EV0227,Biomedical Engineering Society: Design Team Build Session,club_meeting,2026-09-17T19:30:00,2026-09-17T21:00:00,Johnston Student Center,club,Biomedical Engineering Society,,CL023,CP18,BME|BIO,MATLAB|Statistics,75,false,false,Hosted by Biomedical Engineering Society. Open to all interested students.,mock
EV0032,Bain & Company Resume Reviews: Management Consulting,resume_review,2026-09-18T13:00:00,2026-09-18T15:00:00,Durham Hall,company,Bain & Company,CO010,,CP07,BIT|ECON|FIN|ISE|MGT,Business Strategy|Case Interviewing|Excel Modeling|Market Sizing,120,true,false,Meet Bain & Company recruiters and VT alumni. Learn about management consulting internships and full-time roles. Bring a resume.,mock
EV0109,COINS: Technical Interview Drill: DCF Valuation,workshop,2026-09-18T19:30:00,2026-09-18T21:30:00,Squires Student Center,club,COINS,,CL001,CP04|CP05,FIN|ECON|ACIS,DCF Valuation,75,true,false,Hosted by COINS. Open to all interested students.,mock
EV0116,Quantitative Finance Society: Stock Pitch Night,club_meeting,2026-09-18T19:30:00,2026-09-18T21:30:00,Graduate Life Center,club,Quantitative Finance Society,,CL004,CP06|CP05,MATH|STAT|CS|CMDA|FIN,Financial Statement Analysis|Python,50,false,false,Hosted by Quantitative Finance Society. Open to all interested students.,mock
EV0129,Alpha Kappa Psi: Professional Development Night: DCF Valuation,club_meeting,2026-09-18T19:30:00,2026-09-18T20:30:00,Squires Student Center,club,Alpha Kappa Psi,,CL006,CP07|CP04|CP14,FIN|MGT|MKTG|BIT|ACIS,DCF Valuation|Financial Modeling,100,true,false,Hosted by Alpha Kappa Psi. Open to all interested students.,mock
EV0153,Supply Chain Club: Excel Modeling Case Practice,club_meeting,2026-09-18T19:30:00,2026-09-18T21:30:00,Newman Library,club,Supply Chain Club,,CL011,CP13,ISE|MGT|BIT,Excel Modeling,30,true,false,Hosted by Supply Chain Club. Open to all interested students.,mock
EV0037,J.P. Morgan Workshop: Investment Banking,technical_workshop,2026-09-21T17:00:00,2026-09-21T19:00:00,Owens Banquet Hall,company,J.P. Morgan,CO012,,CP04,ACIS|ECON|FIN,DCF Valuation|Financial Modeling|LBO Modeling|M&A Concepts,40,true,false,Meet J.P. Morgan recruiters and VT alumni. Learn about investment banking internships and full-time roles. Bring a resume.,mock
EV0142,Product Management Club: PM Case Night,club_meeting,2026-09-21T18:00:00,2026-09-21T20:00:00,Johnston Student Center,club,Product Management Club,,CL009,CP11,CS|BIT|MGT|ID,SQL,50,true,false,Hosted by Product Management Club. Open to all interested students.,mock
EV0168,ACM at Virginia Tech: Tech Talk: AI / Machine Learning Engineering,speaker,2026-09-21T18:00:00,2026-09-21T19:00:00,McBryde Hall,club,ACM at Virginia Tech,,CL013,CP01|CP03,CS|CPE|CMDA,Machine Learning|Python,100,true,false,Hosted by ACM at Virginia Tech. Open to all interested students.,mock
EV0184,Data Science Club: SQL Workshop,workshop,2026-09-21T18:30:00,2026-09-21T20:30:00,McBryde Hall,club,Data Science Club,,CL016,CP02|CP03,CMDA|STAT|CS|MATH,Deep Learning|SQL,50,false,false,Hosted by Data Science Club. Open to all interested students.,mock
EV0124,Beta Alpha Psi: Big 4 Recruiting Panel,speaker,2026-09-21T19:00:00,2026-09-21T20:30:00,Graduate Life Center,club,Beta Alpha Psi,,CL005,CP09,ACIS|FIN,Auditing|Excel Modeling,75,true,false,Hosted by Beta Alpha Psi. Open to all interested students.,mock
EV0120,Quantitative Finance Society: Python Workshop,workshop,2026-09-21T19:30:00,2026-09-21T21:30:00,Durham Hall,club,Quantitative Finance Society,,CL004,CP06|CP05,MATH|STAT|CS|CMDA|FIN,Excel Modeling|Python,75,false,false,Hosted by Quantitative Finance Society. Open to all interested students.,mock
EV0152,Supply Chain Club: Excel Modeling Case Practice,club_meeting,2026-09-21T19:30:00,2026-09-21T20:30:00,Kelly Hall,club,Supply Chain Club,,CL011,CP13,ISE|MGT|BIT,Excel Modeling|SQL,100,false,false,Hosted by Supply Chain Club. Open to all interested students.,mock
EV0096,Fralin Biomedical Research Institute Coffee Chats: Biomedical Research & Engineering,coffee_chat,2026-09-22T12:00:00,2026-09-22T13:00:00,Goodwin Hall,company,Fralin Biomedical Research Institute,CO042,,CP18,BIO|BME,Lab Research Methods|MATLAB|Statistics|Technical Writing,40,true,false,Meet Fralin Biomedical Research Institute recruiters and VT alumni. Learn about biomedical research & engineering internships and full-time roles. Bring a resume.,mock
EV0076,General Dynamics Workshop: Mechanical / Aerospace Engineering,technical_workshop,2026-09-22T17:00:00,2026-09-22T19:00:00,Johnston Student Center,company,General Dynamics,CO032,,CP15,ISE|ME,CAD (SolidWorks)|MATLAB|Project Management|Structural Analysis,60,true,false,Meet General Dynamics recruiters and VT alumni. Learn about mechanical / aerospace engineering internships and full-time roles. Bring a resume.,mock
EV0210,ASME Student Section: Industry Night,club_meeting,2026-09-22T18:30:00,2026-09-22T19:30:00,Pamplin Hall,club,ASME Student Section,,CL021,CP15,ME|ISE,CAD (SolidWorks)|Structural Analysis,75,false,false,Hosted by ASME Student Section. Open to all interested students.,mock
EV0013,Databricks Info Session: Software Engineering,info_session,2026-09-23T18:00:00,2026-09-23T19:30:00,Squires Student Center,company,Databricks,CO002,,CP01,CMDA|CPE|CS|MATH,Data Structures & Algorithms|Git|Java|Python,80,true,false,Meet Databricks recruiters and VT alumni. Learn about software engineering internships and full-time roles. Bring a resume.,mock
EV0250,Undergraduate Research Society: Research Poster Workshop,workshop,2026-09-23T18:00:00,2026-09-23T19:30:00,Squires Student Center,club,Undergraduate Research Society,,CL027,CP18|CP03|CP02,BIO|BME|CS|CMDA|STAT,MATLAB|SQL,100,true,false,Hosted by Undergraduate Research Society. Open to all interested students.,mock
EV0155,Supply Chain Club: Plant Tour Info Night,club_meeting,2026-09-23T19:30:00,2026-09-23T21:30:00,Newman Library,club,Supply Chain Club,,CL011,CP13,ISE|MGT|BIT,Excel Modeling|SQL,100,false,false,Hosted by Supply Chain Club. Open to all interested students.,mock
EV0007,Undergraduate Research Fair,research_fair,2026-09-24T13:00:00,2026-09-24T16:00:00,Graduate Life Center,university,Office of Undergraduate Research,,CL027,CP18|CP02|CP03,BIO|BME|CS|CMDA|STAT|MATH,Lab Research Methods|Technical Writing,600,false,false,Meet faculty labs recruiting undergraduate researchers.,mock
EV0269,Networking for Introverts,workshop,2026-09-24T16:00:00,2026-09-24T17:15:00,Newman Library,university,Career and Professional Development,,,CP04|CP05,ALL,Networking,60,true,false,Networking for Introverts led by Career and Professional Development staff.,mock
EV0062,Google Info Session: UX / Product Design & Software Engineering,info_session,2026-09-24T18:00:00,2026-09-24T19:30:00,McBryde Hall,company,Google,CO023,,CP12|CP01,CMDA|COMM|CPE|CS|ID|MATH,Data Structures & Algorithms|Figma|Git|Java|JavaScript|Public Speaking|Python|User Research,40,true,false,Meet Google recruiters and VT alumni. Learn about ux / product design & software engineering internships and full-time roles. Bring a resume.,mock
EV0247,Undergraduate Research Society: How to Land a Research Position,club_meeting,2026-09-24T18:00:00,2026-09-24T19:30:00,Newman Library,club,Undergraduate Research Society,,CL027,CP18|CP03|CP02,BIO|BME|CS|CMDA|STAT,Deep Learning|Lab Research Methods,100,true,false,Hosted by Undergraduate Research Society. Open to all interested students.,mock
EV0171,VTHacks: Tech Talk: Product Management,speaker,2026-09-24T18:30:00,2026-09-24T19:30:00,Virtual (Zoom),club,VTHacks,,CL014,CP01|CP03|CP11,CS|CPE|CMDA|EE,SQL,100,true,true,Hosted by VTHacks. Open to all interested students.,mock
EV0132,Alpha Kappa Psi: Professional Development Night: DCF Valuation,club_meeting,2026-09-24T19:30:00,2026-09-24T21:30:00,McBryde Hall,club,Alpha Kappa Psi,,CL006,CP07|CP04|CP14,FIN|MGT|MKTG|BIT|ACIS,Business Strategy|DCF Valuation,30,false,false,Hosted by Alpha Kappa Psi. Open to all interested students.,mock
EV0055,Jane Street Resume Reviews: Quantitative Finance & Software Engineering,resume_review,2026-09-25T13:00:00,2026-09-25T15:00:00,Owens Banquet Hall,company,Jane Street,CO019,,CP06|CP01,CMDA|CPE|CS|MATH|STAT,C/C++|Data Structures & Algorithms|Git|Java|Python|Statistics|Stochastic Calculus,40,true,false,Meet Jane Street recruiters and VT alumni. Learn about quantitative finance & software engineering internships and full-time roles. Bring a resume.,mock
EV0012,Databricks Workshop: AI / Machine Learning Engineering,technical_workshop,2026-09-25T17:00:00,2026-09-25T19:00:00,Goodwin Hall,company,Databricks,CO002,,CP03,CMDA|CPE|CS,Deep Learning|LLMs & AI Agents|Machine Learning|Python,40,true,false,Meet Databricks recruiters and VT alumni. Learn about ai / machine learning engineering internships and full-time roles. Bring a resume.,mock
EV0141,Product Management Club: SQL Workshop,workshop,2026-09-25T18:00:00,2026-09-25T20:00:00,Holden Hall,club,Product Management Club,,CL009,CP11,CS|BIT|MGT|ID,Product Roadmapping|SQL,50,false,false,Hosted by Product Management Club. Open to all interested students.,mock
EV0112,SEED: Alumni Panel: Breaking into Investment Banking,speaker,2026-09-25T19:30:00,2026-09-25T21:30:00,Owens Banquet Hall,club,SEED (Student-managed Endowment for Educational Development),,CL002,CP04|CP05|CP06,FIN|ECON,LBO Modeling,100,true,false,Hosted by SEED (Student-managed Endowment for Educational Development). Open to all interested students.,mock
EV0019,PwC Coffee Chats: Audit & Assurance,coffee_chat,2026-09-28T12:00:00,2026-09-28T13:00:00,Data and Decision Sciences Building,company,PwC,CO005,,CP09,ACIS|FIN,Accounting Fundamentals|Auditing|Excel Modeling|Financial Statement Analysis,120,true,false,Meet PwC recruiters and VT alumni. Learn about audit & assurance internships and full-time roles. Bring a resume.,mock
EV0207,IEEE Student Branch: Design Team Build Session,club_meeting,2026-09-28T19:00:00,2026-09-28T20:30:00,Kelly Hall,club,IEEE Student Branch,,CL020,CP16|CP01,EE|CPE,C/C++|Embedded Systems,100,true,false,Hosted by IEEE Student Branch. Open to all interested students.,mock
EV0001,Fall Career and Internship Fair (Day 1: Engineering & Tech),career_fair,2026-09-29T11:00:00,2026-09-29T16:00:00,Cassell Coliseum,university,Career and Professional Development,,,CP01|CP02|CP03|CP10|CP15|CP16|CP17,CS|CPE|EE|ME|CEE|BME|ISE|CMDA,Networking|Behavioral Interviewing|Public Speaking,4000,false,false,University-wide fair. 150+ employers recruiting for internships and full-time roles.,mock
EV0244,Undergraduate Research Society: How to Land a Research Position,club_meeting,2026-09-29T18:00:00,2026-09-29T19:30:00,Pamplin Hall,club,Undergraduate Research Society,,CL027,CP18|CP03|CP02,BIO|BME|CS|CMDA|STAT,MATLAB|Statistics,75,true,false,Hosted by Undergraduate Research Society. Open to all interested students.,mock
EV0198,UX Design Club: Portfolio Review Night,club_meeting,2026-09-29T18:30:00,2026-09-29T20:30:00,Graduate Life Center,club,UX Design Club,,CL019,CP12|CP11,ID|CS|COMM,Product Roadmapping|User Research,50,true,false,Hosted by UX Design Club. Open to all interested students.,mock
EV0200,UX Design Club: Portfolio Review Night,club_meeting,2026-09-29T18:30:00,2026-09-29T19:30:00,Pamplin Hall,club,UX Design Club,,CL019,CP12|CP11,ID|CS|COMM,SQL,75,false,false,Hosted by UX Design Club. Open to all interested students.,mock
EV0002,Fall Career and Internship Fair (Day 2: Business & All Majors),career_fair,2026-09-30T11:00:00,2026-09-30T16:00:00,Cassell Coliseum,university,Career and Professional Development,,,CP04|CP05|CP07|CP08|CP09|CP13|CP14|CP19,ALL,Networking|Behavioral Interviewing|Public Speaking,4000,false,false,"University-wide fair across business, government, and nonprofit employers.",mock
EV0075,General Dynamics Info Session: Mechanical / Aerospace Engineering,info_session,2026-09-30T18:00:00,2026-09-30T19:30:00,Holden Hall,company,General Dynamics,CO032,,CP15,ISE|ME,CAD (SolidWorks)|MATLAB|Project Management|Structural Analysis,120,true,false,Meet General Dynamics recruiters and VT alumni. Learn about mechanical / aerospace engineering internships and full-time roles. Bring a resume.,mock
EV0056,Jane Street Networking Night: Software Engineering,networking,2026-09-30T18:30:00,2026-09-30T20:30:00,Squires Student Center,company,Jane Street,CO019,,CP01,CMDA|CPE|CS|MATH,Data Structures & Algorithms|Git|Java|Python,40,true,false,Meet Jane Street recruiters and VT alumni. Learn about software engineering internships and full-time roles. Bring a resume.,mock
EV0253,Pre-Law & Policy Society: Policy Debate Night,club_meeting,2026-09-30T18:30:00,2026-09-30T20:30:00,Holden Hall,club,Pre-Law & Policy Society,,CL028,CP19,PSCI|ECON|COMM,Policy Analysis,100,true,false,Hosted by Pre-Law & Policy Society. Open to all interested students.,mock
EV0186,Machine Learning @ VT: Kaggle Night,club_meeting,2026-09-30T19:00:00,2026-09-30T20:00:00,Newman Library,club,Machine Learning @ VT,,CL017,CP03|CP02,CS|CMDA|CPE,Machine Learning|SQL,75,false,false,Hosted by Machine Learning @ VT. Open to all interested students.,mock
EV0189,Machine Learning @ VT: Deep Learning Workshop,workshop,2026-09-30T19:00:00,2026-09-30T20:30:00,Graduate Life Center,club,Machine Learning @ VT,,CL017,CP03|CP02,CS|CMDA|CPE,Deep Learning|Python,100,true,false,Hosted by Machine Learning @ VT. Open to all interested students.,mock
EV0260,Resume Clinic,workshop,2026-10-01T16:00:00,2026-10-01T17:15:00,Newman Library,university,Career and Professional Development,,,CP15|CP17|CP18|CP19,ALL,Technical Writing,60,true,false,Resume Clinic led by Career and Professional Development staff.,mock
EV0016,Accenture Workshop: Software Engineering & Technology Consulting,technical_workshop,2026-10-01T17:00:00,2026-10-01T19:00:00,Durham Hall,company,Accenture,CO003,,CP01|CP08,BIT|CMDA|CPE|CS|ISE|MATH,Cloud (AWS/Azure/GCP)|Data Structures & Algorithms|Git|Java|Project Management|Python|SQL|Spark / Databricks,120,true,false,Meet Accenture recruiters and VT alumni. Learn about software engineering & technology consulting internships and full-time roles. Bring a resume.,mock
EV0029,McKinsey & Company Info Session: Management Consulting,info_session,2026-10-01T18:00:00,2026-10-01T19:30:00,McBryde Hall,company,McKinsey & Company,CO008,,CP07,BIT|ECON|FIN|ISE|MGT,Business Strategy|Case Interviewing|Excel Modeling|Market Sizing,200,true,false,Meet McKinsey & Company recruiters and VT alumni. Learn about management consulting internships and full-time roles. Bring a resume.,mock
EV0108,COINS: Technical Interview Drill: Financial Modeling,workshop,2026-10-01T19:30:00,2026-10-01T20:30:00,Holden Hall,club,COINS,,CL001,CP04|CP05,FIN|ECON|ACIS,DCF Valuation|Financial Modeling,30,false,false,Hosted by COINS. Open to all interested students.,mock
EV0098,MITRE Coffee Chats: Data Science & Analytics,coffee_chat,2026-10-02T12:00:00,2026-10-02T13:00:00,Torgersen Hall,company,MITRE,CO043,,CP02,CMDA|CS|ECON|MATH|STAT,Machine Learning|Python|SQL|Statistics,80,true,false,Meet MITRE recruiters and VT alumni. Learn about data science & analytics internships and full-time roles. Bring a resume.,mock
EV0280,AI Agents with Databricks (Hands-on),workshop,2026-10-02T12:30:00,2026-10-02T13:45:00,Virtual (Zoom),university,Career and Professional Development,,,CP01|CP02|CP03|CP05|CP06|CP08|CP10|CP18,ALL,LLMs & AI Agents|Spark / Databricks|Python,60,true,true,AI Agents with Databricks (Hands-on) led by Career and Professional Development staff.,mock
EV0084,Volvo Group Info Session: Mechanical / Aerospace Engineering & Supply Chain & Operations,info_session,2026-10-02T18:00:00,2026-10-02T19:30:00,Squires Student Center,company,Volvo Group,CO034,,CP15|CP13,BIT|ISE|ME|MGT,CAD (SolidWorks)|Excel Modeling|MATLAB|Project Management|SQL|Structural Analysis|Supply Chain Analytics,40,true,false,Meet Volvo Group recruiters and VT alumni. Learn about mechanical / aerospace engineering & supply chain & operations internships and full-time roles. Bring a resume.,mock
EV0170,VTHacks: Tech Talk: Product Management,speaker,2026-10-02T18:30:00,2026-10-02T19:30:00,McBryde Hall,club,VTHacks,,CL014,CP01|CP03|CP11,CS|CPE|CMDA|EE,SQL|User Research,50,true,false,Hosted by VTHacks. Open to all interested students.,mock
EV0107,COINS: Technical Interview Drill: Financial Statement Analysis,workshop,2026-10-02T19:30:00,2026-10-02T20:30:00,Pamplin Hall,club,COINS,,CL001,CP04|CP05,FIN|ECON|ACIS,Financial Statement Analysis|Statistics,100,true,false,Hosted by COINS. Open to all interested students.,mock
EV0131,Alpha Kappa Psi: Alumni Mixer,club_meeting,2026-10-02T19:30:00,2026-10-02T21:00:00,McBryde Hall,club,Alpha Kappa Psi,,CL006,CP07|CP04|CP14,FIN|MGT|MKTG|BIT|ACIS,Case Interviewing|Financial Modeling,30,true,false,Hosted by Alpha Kappa Psi. Open to all interested students.,mock
EV0271,Networking for Introverts,workshop,2026-10-05T16:00:00,2026-10-05T17:15:00,Newman Library,university,Career and Professional Development,,,CP04|CP05,ALL,Networking,60,true,false,Networking for Introverts led by Career and Professional Development staff.,mock
EV0036,J.P. Morgan Info Session: Software Engineering & Investment Banking,info_session,2026-10-05T18:00:00,2026-10-05T19:30:00,Graduate Life Center,company,J.P. Morgan,CO012,,CP01|CP04,ACIS|CMDA|CPE|CS|ECON|FIN|MATH,DCF Valuation|Data Structures & Algorithms|Financial Modeling|Git|Java|LBO Modeling|M&A Concepts|Python,200,true,false,Meet J.P. Morgan recruiters and VT alumni. Learn about software engineering & investment banking internships and full-time roles. Bring a resume.,mock
EV0038,Morgan Stanley Networking Night: Investment Banking,networking,2026-10-05T18:30:00,2026-10-05T20:30:00,McBryde Hall,company,Morgan Stanley,CO013,,CP04,ACIS|ECON|FIN,DCF Valuation|Financial Modeling|LBO Modeling|M&A Concepts,120,true,false,Meet Morgan Stanley recruiters and VT alumni. Learn about investment banking internships and full-time roles. Bring a resume.,mock
EV0140,VT Consulting Group: Market Sizing Workshop,workshop,2026-10-05T19:30:00,2026-10-05T20:30:00,Johnston Student Center,club,VT Consulting Group,,CL008,CP07|CP08,MGT|FIN|ECON|BIT|ISE,Market Sizing,100,true,false,Hosted by VT Consulting Group. Open to all interested students.,mock
EV0148,Marketing Association: Brand Challenge Kickoff,club_meeting,2026-10-06T18:00:00,2026-10-06T19:00:00,Johnston Student Center,club,Marketing Association,,CL010,CP14,MKTG|COMM|MGT,Market Research,75,false,false,Hosted by Marketing Association. Open to all interested students.,mock
EV0134,Delta Sigma Pi: Alumni Mixer,club_meeting,2026-10-06T18:30:00,2026-10-06T20:00:00,Torgersen Hall,club,Delta Sigma Pi,,CL007,CP07|CP14|CP09,FIN|MGT|MKTG|ACIS,Case Interviewing|Market Research,30,true,false,Hosted by Delta Sigma Pi. Open to all interested students.,mock
EV0052,Citadel Coffee Chats: Quantitative Finance,coffee_chat,2026-10-08T12:00:00,2026-10-08T13:00:00,Holden Hall,company,Citadel,CO018,,CP06,CMDA|CS|MATH|STAT,C/C++|Python|Statistics|Stochastic Calculus,200,true,false,Meet Citadel recruiters and VT alumni. Learn about quantitative finance internships and full-time roles. Bring a resume.,mock
EV0081,Volvo Group Resume Reviews: Mechanical / Aerospace Engineering & Supply Chain & Operations,resume_review,2026-10-08T13:00:00,2026-10-08T15:00:00,Holden Hall,company,Volvo Group,CO034,,CP15|CP13,BIT|ISE|ME|MGT,CAD (SolidWorks)|Excel Modeling|MATLAB|Project Management|SQL|Structural Analysis|Supply Chain Analytics,40,true,false,Meet Volvo Group recruiters and VT alumni. Learn about mechanical / aerospace engineering & supply chain & operations internships and full-time roles. Bring a resume.,mock
EV0022,KPMG Workshop: Technology Consulting,technical_workshop,2026-10-08T17:00:00,2026-10-08T19:00:00,Kelly Hall,company,KPMG,CO006,,CP08,BIT|CMDA|CS|ISE,Cloud (AWS/Azure/GCP)|Project Management|SQL|Spark / Databricks,120,true,false,Meet KPMG recruiters and VT alumni. Learn about technology consulting internships and full-time roles. Bring a resume.,mock
EV0236,National Society of Black Engineers: Design Team Build Session,club_meeting,2026-10-08T18:00:00,2026-10-08T20:00:00,Graduate Life Center,club,National Society of Black Engineers,,CL025,CP15|CP16|CP01|CP17,ME|EE|CPE|CEE|CS|ISE,C/C++|Java,50,false,false,Hosted by National Society of Black Engineers. Open to all interested students.,mock
EV0015,Accenture Networking Night: Management Consulting & Software Engineering,networking,2026-10-08T18:30:00,2026-10-08T20:30:00,Squires Student Center,company,Accenture,CO003,,CP07|CP01,BIT|CMDA|CPE|CS|ECON|FIN|ISE|MATH|MGT,Business Strategy|Case Interviewing|Data Structures & Algorithms|Excel Modeling|Git|Java|Market Sizing|Python,120,true,false,Meet Accenture recruiters and VT alumni. Learn about management consulting & software engineering internships and full-time roles. Bring a resume.,mock
EV0158,Supply Chain Club: Plant Tour Info Night,club_meeting,2026-10-08T19:30:00,2026-10-08T20:30:00,Squires Student Center,club,Supply Chain Club,,CL011,CP13,ISE|MGT|BIT,Excel Modeling|SQL,30,true,false,Hosted by Supply Chain Club. Open to all interested students.,mock
EV0041,Bank of America Info Session: Investment Banking & Software Engineering,info_session,2026-10-09T18:00:00,2026-10-09T19:30:00,Pamplin Hall,company,Bank of America,CO014,,CP04|CP01,ACIS|CMDA|CPE|CS|ECON|FIN|MATH,DCF Valuation|Data Structures & Algorithms|Financial Modeling|Git|Java|LBO Modeling|M&A Concepts|Python,120,true,false,Meet Bank of America recruiters and VT alumni. Learn about investment banking & software engineering internships and full-time roles. Bring a resume.,mock
EV0095,Carilion Clinic Info Session: Biomedical Research & Engineering,info_session,2026-10-09T18:00:00,2026-10-09T19:30:00,Graduate Life Center,company,Carilion Clinic,CO041,,CP18,BIO|BME,Lab Research Methods|MATLAB|Statistics|Technical Writing,200,true,false,Meet Carilion Clinic recruiters and VT alumni. Learn about biomedical research & engineering internships and full-time roles. Bring a resume.,mock
EV0163,Entrepreneurship Club: Founder Fireside Chat,speaker,2026-10-09T18:00:00,2026-10-09T19:30:00,Torgersen Hall,club,Entrepreneurship Club,,CL012,CP11|CP07,MGT|CS|BIT|ID,Market Sizing|User Research,100,false,false,Hosted by Entrepreneurship Club. Open to all interested students.,mock
EV0167,ACM at Virginia Tech: Tech Talk: AI / Machine Learning Engineering,speaker,2026-10-09T18:00:00,2026-10-09T19:30:00,Squires Student Center,club,ACM at Virginia Tech,,CL013,CP01|CP03,CS|CPE|CMDA,Python,100,true,false,Hosted by ACM at Virginia Tech. Open to all interested students.,mock
EV0245,Undergraduate Research Society: Research Poster Workshop,workshop,2026-10-09T18:00:00,2026-10-09T20:00:00,Owens Banquet Hall,club,Undergraduate Research Society,,CL027,CP18|CP03|CP02,BIO|BME|CS|CMDA|STAT,Lab Research Methods|Statistics,50,true,false,Hosted by Undergraduate Research Society. Open to all interested students.,mock
EV0196,UX Design Club: SQL Workshop,workshop,2026-10-09T18:30:00,2026-10-09T19:30:00,Newman Library,club,UX Design Club,,CL019,CP12|CP11,ID|CS|COMM,SQL,75,true,false,Hosted by UX Design Club. Open to all interested students.,mock
EV0027,Booz Allen Hamilton Networking Night: Technology Consulting & Cybersecurity,networking,2026-10-12T18:30:00,2026-10-12T20:30:00,McBryde Hall,company,Booz Allen Hamilton,CO007,,CP08|CP10,BIT|CMDA|CPE|CS|ISE,Cloud (AWS/Azure/GCP)|Linux|Network Security|Penetration Testing|Project Management|Python|SQL|Spark / Databricks,40,true,false,Meet Booz Allen Hamilton recruiters and VT alumni. Learn about technology consulting & cybersecurity internships and full-time roles. Bring a resume.,mock
EV0251,Pre-Law & Policy Society: Policy Debate Night,club_meeting,2026-10-12T18:30:00,2026-10-12T19:30:00,Kelly Hall,club,Pre-Law & Policy Society,,CL028,CP19,PSCI|ECON|COMM,Statistics|Technical Writing,50,true,false,Hosted by Pre-Law & Policy Society. Open to all interested students.,mock
EV0259,Toastmasters @ VT: Impromptu Speaking Practice,club_meeting,2026-10-12T19:00:00,2026-10-12T20:00:00,Goodwin Hall,club,Toastmasters @ VT,,CL029,,ALL,Leadership|Public Speaking,100,false,false,Hosted by Toastmasters @ VT. Open to all interested students.,mock
EV0083,Volvo Group Info Session: Mechanical / Aerospace Engineering,info_session,2026-10-13T18:00:00,2026-10-13T19:30:00,Goodwin Hall,company,Volvo Group,CO034,,CP15,ISE|ME,CAD (SolidWorks)|MATLAB|Project Management|Structural Analysis,120,true,false,Meet Volvo Group recruiters and VT alumni. Learn about mechanical / aerospace engineering internships and full-time roles. Bring a resume.,mock
EV0166,ACM at Virginia Tech: LeetCode Night,club_meeting,2026-10-13T18:00:00,2026-10-13T20:00:00,Squires Student Center,club,ACM at Virginia Tech,,CL013,CP01|CP03,CS|CPE|CMDA,Java|Python,75,true,false,Hosted by ACM at Virginia Tech. Open to all interested students.,mock
EV0165,ACM at Virginia Tech: Tech Talk: AI / Machine Learning Engineering,speaker,2026-10-14T18:00:00,2026-10-14T19:30:00,Squires Student Center,club,ACM at Virginia Tech,,CL013,CP01|CP03,CS|CPE|CMDA,Java,100,true,false,Hosted by ACM at Virginia Tech. Open to all interested students.,mock
EV0093,Hilton Workshop: Marketing & Brand Management & Data Science & Analytics,technical_workshop,2026-10-15T17:00:00,2026-10-15T19:00:00,Kelly Hall,company,Hilton,CO040,,CP14|CP02,CMDA|COMM|CS|ECON|MATH|MGT|MKTG|STAT,Data Visualization|Digital Marketing|Machine Learning|Market Research|Public Speaking|Python|SQL|Statistics,40,true,false,Meet Hilton recruiters and VT alumni. Learn about marketing & brand management & data science & analytics internships and full-time roles. Bring a resume.,mock
EV0248,Undergraduate Research Society: Research Poster Workshop,workshop,2026-10-15T18:00:00,2026-10-15T19:00:00,Newman Library,club,Undergraduate Research Society,,CL027,CP18|CP03|CP02,BIO|BME|CS|CMDA|STAT,Machine Learning|SQL,30,true,false,Hosted by Undergraduate Research Society. Open to all interested students.,mock
EV0217,ASCE Student Chapter: Industry Night,club_meeting,2026-10-15T19:30:00,2026-10-15T21:00:00,Squires Student Center,club,ASCE Student Chapter,,CL022,CP17,CEE,Project Management|Structural Analysis,75,false,false,Hosted by ASCE Student Chapter. Open to all interested students.,mock
EV0004,VTHacks,hackathon,2026-10-16T18:00:00,2026-10-18T18:00:00,Goodwin Hall,club,VTHacks,,CL014,CP01|CP03|CP11|CP12,CS|CPE|CMDA|EE|ID,Python|JavaScript|LLMs & AI Agents|Teamwork|Public Speaking,800,true,false,36-hour hackathon with sponsor challenges (including a Deloitte x Databricks track).,mock
EV0205,IEEE Student Branch: Industry Night,club_meeting,2026-10-16T19:00:00,2026-10-16T21:00:00,Johnston Student Center,club,IEEE Student Branch,,CL020,CP16|CP01,EE|CPE,Java|Python,30,false,false,Hosted by IEEE Student Branch. Open to all interested students.,mock
EV0097,Fralin Biomedical Research Institute Resume Reviews: Biomedical Research & Engineering,resume_review,2026-10-19T13:00:00,2026-10-19T15:00:00,Data and Decision Sciences Building,company,Fralin Biomedical Research Institute,CO042,,CP18,BIO|BME,Lab Research Methods|MATLAB|Statistics|Technical Writing,40,true,false,Meet Fralin Biomedical Research Institute recruiters and VT alumni. Learn about biomedical research & engineering internships and full-time roles. Bring a resume.,mock
EV0033,Bain & Company Workshop: Management Consulting,technical_workshop,2026-10-19T17:00:00,2026-10-19T19:00:00,Holden Hall,company,Bain & Company,CO010,,CP07,BIT|ECON|FIN|ISE|MGT,Business Strategy|Case Interviewing|Excel Modeling|Market Sizing,200,true,false,Meet Bain & Company recruiters and VT alumni. Learn about management consulting internships and full-time roles. Bring a resume.,mock
EV0085,Dominion Energy Workshop: Electrical & Embedded Engineering,technical_workshop,2026-10-19T17:00:00,2026-10-19T19:00:00,Kelly Hall,company,Dominion Energy,CO035,,CP16,CPE|EE,C/C++|Circuit Design|Embedded Systems|MATLAB,40,true,false,Meet Dominion Energy recruiters and VT alumni. Learn about electrical & embedded engineering internships and full-time roles. Bring a resume.,mock
EV0180,Data Science Club: SQL Workshop,workshop,2026-10-19T18:30:00,2026-10-19T20:00:00,Graduate Life Center,club,Data Science Club,,CL016,CP02|CP03,CMDA|STAT|CS|MATH,Machine Learning|SQL,30,false,false,Hosted by Data Science Club. Open to all interested students.,mock
EV0243,Society of Hispanic Professional Engineers: Design Team Build Session,club_meeting,2026-10-19T19:00:00,2026-10-19T20:30:00,Newman Library,club,Society of Hispanic Professional Engineers,,CL026,CP15|CP16|CP01,ME|EE|CPE|CEE|CS|ISE,Circuit Design|Data Structures & Algorithms,75,false,false,Hosted by Society of Hispanic Professional Engineers. Open to all interested students.,mock
EV0086,Kimley-Horn Resume Reviews: Civil & Infrastructure Engineering,resume_review,2026-10-20T13:00:00,2026-10-20T15:00:00,Kelly Hall,company,Kimley-Horn,CO036,,CP17,CEE,CAD (SolidWorks)|Project Management|Structural Analysis|Technical Writing,80,true,false,Meet Kimley-Horn recruiters and VT alumni. Learn about civil & infrastructure engineering internships and full-time roles. Bring a resume.,mock
EV0261,Resume Clinic,workshop,2026-10-20T17:30:00,2026-10-20T18:45:00,Squires Student Center,university,Career and Professional Development,,,CP15|CP17|CP18|CP19,ALL,Technical Writing,60,true,false,Resume Clinic led by Career and Professional Development staff.,mock
EV0164,ACM at Virginia Tech: LeetCode Night,club_meeting,2026-10-20T18:00:00,2026-10-20T19:30:00,Pamplin Hall,club,ACM at Virginia Tech,,CL013,CP01|CP03,CS|CPE|CMDA,Data Structures & Algorithms|Java,50,false,false,Hosted by ACM at Virginia Tech. Open to all interested students.,mock
EV0009,Deloitte Coffee Chats: Management Consulting,coffee_chat,2026-10-21T12:00:00,2026-10-21T13:00:00,Owens Banquet Hall,company,Deloitte,CO001,,CP07,BIT|ECON|FIN|ISE|MGT,Business Strategy|Case Interviewing|Excel Modeling|Market Sizing,80,true,false,Meet Deloitte recruiters and VT alumni. Learn about management consulting internships and full-time roles. Bring a resume.,mock
EV0264,Behavioral Interview Workshop,workshop,2026-10-21T17:30:00,2026-10-21T18:45:00,Newman Library,university,Career and Professional Development,,,CP01|CP04,ALL,Behavioral Interviewing,60,true,false,Behavioral Interview Workshop led by Career and Professional Development staff.,mock
EV0071,Lockheed Martin Info Session: Electrical & Embedded Engineering & Software Engineering,info_session,2026-10-21T18:00:00,2026-10-21T19:30:00,Graduate Life Center,company,Lockheed Martin,CO028,,CP16|CP01,CMDA|CPE|CS|EE|MATH,C/C++|Circuit Design|Data Structures & Algorithms|Embedded Systems|Git|Java|MATLAB|Python,40,true,false,Meet Lockheed Martin recruiters and VT alumni. Learn about electrical & embedded engineering & software engineering internships and full-time roles. Bring a resume.,mock
EV0115,Investment Banking Club: Stock Pitch Night,club_meeting,2026-10-21T19:00:00,2026-10-21T21:00:00,Squires Student Center,club,Investment Banking Club,,CL003,CP04,FIN|ACIS|ECON,DCF Valuation|Financial Modeling,30,false,false,Hosted by Investment Banking Club. Open to all interested students.,mock
EV0044,Wells Fargo Info Session: Investment Banking,info_session,2026-10-22T18:00:00,2026-10-22T19:30:00,McBryde Hall,company,Wells Fargo,CO015,,CP04,ACIS|ECON|FIN,DCF Valuation|Financial Modeling|LBO Modeling|M&A Concepts,60,true,false,Meet Wells Fargo recruiters and VT alumni. Learn about investment banking internships and full-time roles. Bring a resume.,mock
EV0067,IBM Networking Night: Technology Consulting & Software Engineering,networking,2026-10-22T18:30:00,2026-10-22T20:30:00,Goodwin Hall,company,IBM,CO025,,CP08|CP01,BIT|CMDA|CPE|CS|ISE|MATH,Cloud (AWS/Azure/GCP)|Data Structures & Algorithms|Git|Java|Project Management|Python|SQL|Spark / Databricks,60,true,false,Meet IBM recruiters and VT alumni. Learn about technology consulting & software engineering internships and full-time roles. Bring a resume.,mock
EV0223,Biomedical Engineering Society: Design Team Build Session,club_meeting,2026-10-22T19:30:00,2026-10-22T21:30:00,Durham Hall,club,Biomedical Engineering Society,,CL023,CP18,BME|BIO,Lab Research Methods|MATLAB,75,false,false,Hosted by Biomedical Engineering Society. Open to all interested students.,mock
EV0058,Amazon Workshop: Supply Chain & Operations,technical_workshop,2026-10-23T17:00:00,2026-10-23T19:00:00,McBryde Hall,company,Amazon,CO021,,CP13,BIT|ISE|MGT,Excel Modeling|Project Management|SQL|Supply Chain Analytics,80,true,false,Meet Amazon recruiters and VT alumni. Learn about supply chain & operations internships and full-time roles. Bring a resume.,mock
EV0279,Python for Finance,workshop,2026-10-23T17:30:00,2026-10-23T18:45:00,Squires Student Center,university,Career and Professional Development,,,CP01|CP02|CP03|CP04|CP05|CP06|CP10|CP18,ALL,Python|Financial Modeling,60,true,false,Python for Finance led by Career and Professional Development staff.,mock
EV0030,Boston Consulting Group Networking Night: Management Consulting & Technology Consulting,networking,2026-10-23T18:30:00,2026-10-23T20:30:00,Kelly Hall,company,Boston Consulting Group,CO009,,CP07|CP08,BIT|CMDA|CS|ECON|FIN|ISE|MGT,Business Strategy|Case Interviewing|Cloud (AWS/Azure/GCP)|Excel Modeling|Market Sizing|Project Management|SQL|Spark / Databricks,40,true,false,Meet Boston Consulting Group recruiters and VT alumni. Learn about management consulting & technology consulting internships and full-time roles. Bring a resume.,mock
EV0113,Investment Banking Club: Technical Interview Drill: Financial Modeling,workshop,2026-10-23T19:00:00,2026-10-23T20:00:00,Virtual (Zoom),club,Investment Banking Club,,CL003,CP04,FIN|ACIS|ECON,Financial Modeling|LBO Modeling,100,false,true,Hosted by Investment Banking Club. Open to all interested students.,mock
EV0187,Machine Learning @ VT: Kaggle Night,club_meeting,2026-10-23T19:00:00,2026-10-23T20:00:00,Kelly Hall,club,Machine Learning @ VT,,CL017,CP03|CP02,CS|CMDA|CPE,SQL|Statistics,50,false,false,Hosted by Machine Learning @ VT. Open to all interested students.,mock
EV0106,COINS: Stock Pitch Night,club_meeting,2026-10-23T19:30:00,2026-10-23T21:30:00,Squires Student Center,club,COINS,,CL001,CP04|CP05,FIN|ECON|ACIS,Financial Modeling|Statistics,50,false,false,Hosted by COINS. Open to all interested students.,mock
EV0139,VT Consulting Group: Business Strategy Workshop,workshop,2026-10-23T19:30:00,2026-10-23T21:00:00,Newman Library,club,VT Consulting Group,,CL008,CP07|CP08,MGT|FIN|ECON|BIT|ISE,Business Strategy|Cloud (AWS/Azure/GCP),75,true,false,Hosted by VT Consulting Group. Open to all interested students.,mock
EV0006,Pamplin Case Competition,case_competition,2026-10-24T09:00:00,2026-10-24T17:00:00,Pamplin Hall,university,Pamplin College of Business,CO001,,CP07|CP08,MGT|FIN|BIT|ECON|ISE,Case Interviewing|Business Strategy|Market Sizing|Public Speaking,120,true,false,Teams of 4 solve a live client case judged by consultants.,mock
EV0212,ASME Student Section: Industry Night,club_meeting,2026-10-26T18:30:00,2026-10-26T19:30:00,Holden Hall,club,ASME Student Section,,CL021,CP15,ME|ISE,MATLAB|Structural Analysis,100,false,false,Hosted by ASME Student Section. Open to all interested students.,mock
EV0252,Pre-Law & Policy Society: D.C. Internship Panel,speaker,2026-10-26T18:30:00,2026-10-26T20:00:00,McBryde Hall,club,Pre-Law & Policy Society,,CL028,CP19,PSCI|ECON|COMM,Statistics,30,false,false,Hosted by Pre-Law & Policy Society. Open to all interested students.,mock
EV0110,SEED: Alumni Panel: Breaking into Sales & Trading / Markets,speaker,2026-10-26T19:30:00,2026-10-26T21:30:00,Virtual (Zoom),club,SEED (Student-managed Endowment for Educational Development),,CL002,CP04|CP05|CP06,FIN|ECON,DCF Valuation|Python,75,true,true,Hosted by SEED (Student-managed Endowment for Educational Development). Open to all interested students.,mock
EV0050,Capital One Workshop: Software Engineering & Sales & Trading / Markets,technical_workshop,2026-10-27T17:00:00,2026-10-27T19:00:00,McBryde Hall,company,Capital One,CO017,,CP01|CP05,CMDA|CPE|CS|ECON|FIN|MATH,Data Structures & Algorithms|Excel Modeling|Financial Statement Analysis|Git|Java|Python|Statistics,40,true,false,Meet Capital One recruiters and VT alumni. Learn about software engineering & sales & trading / markets internships and full-time roles. Bring a resume.,mock
EV0262,LinkedIn Photo & Profile Day,workshop,2026-10-27T17:30:00,2026-10-27T18:45:00,Virtual (Zoom),university,Career and Professional Development,,,CP04|CP05,ALL,Networking,60,true,true,LinkedIn Photo & Profile Day led by Career and Professional Development staff.,mock
EV0172,VTHacks: Mock Technical Interviews,club_meeting,2026-10-27T18:30:00,2026-10-27T20:30:00,Johnston Student Center,club,VTHacks,,CL014,CP01|CP03|CP11,CS|CPE|CMDA|EE,Python,30,false,false,Hosted by VTHacks. Open to all interested students.,mock
EV0219,ASCE Student Chapter: Structural Analysis Workshop,workshop,2026-10-27T19:30:00,2026-10-27T21:00:00,McBryde Hall,club,ASCE Student Chapter,,CL022,CP17,CEE,CAD (SolidWorks)|Structural Analysis,100,true,false,Hosted by ASCE Student Chapter. Open to all interested students.,mock
EV0082,Volvo Group Coffee Chats: Supply Chain & Operations & Mechanical / Aerospace Engineering,coffee_chat,2026-10-28T12:00:00,2026-10-28T13:00:00,McBryde Hall,company,Volvo Group,CO034,,CP13|CP15,BIT|ISE|ME|MGT,CAD (SolidWorks)|Excel Modeling|MATLAB|Project Management|SQL|Structural Analysis|Supply Chain Analytics,80,true,false,Meet Volvo Group recruiters and VT alumni. Learn about supply chain & operations & mechanical / aerospace engineering internships and full-time roles. Bring a resume.,mock
EV0070,Palantir Resume Reviews: Technology Consulting & Data Science & Analytics,resume_review,2026-10-28T13:00:00,2026-10-28T15:00:00,Newman Library,company,Palantir,CO027,,CP08|CP02,BIT|CMDA|CS|ECON|ISE|MATH|STAT,Cloud (AWS/Azure/GCP)|Machine Learning|Project Management|Python|SQL|Spark / Databricks|Statistics,40,true,false,Meet Palantir recruiters and VT alumni. Learn about technology consulting & data science & analytics internships and full-time roles. Bring a resume.,mock
EV0176,Cyber@VT: CTF Practice Night,club_meeting,2026-10-28T18:00:00,2026-10-28T19:00:00,Torgersen Hall,club,Cyber@VT,,CL015,CP10,CS|CPE|BIT,Linux,100,true,false,Hosted by Cyber@VT. Open to all interested students.,mock
EV0232,National Society of Black Engineers: Design Team Build Session,club_meeting,2026-10-28T18:00:00,2026-10-28T19:00:00,Owens Banquet Hall,club,National Society of Black Engineers,,CL025,CP15|CP16|CP01|CP17,ME|EE|CPE|CEE|CS|ISE,CAD (SolidWorks)|Embedded Systems,75,false,false,Hosted by National Society of Black Engineers. Open to all interested students.,mock
EV0135,Delta Sigma Pi: Professional Development Night: Excel Modeling,club_meeting,2026-10-28T18:30:00,2026-10-28T20:30:00,Goodwin Hall,club,Delta Sigma Pi,,CL007,CP07|CP14|CP09,FIN|MGT|MKTG|ACIS,Business Strategy|Excel Modeling,100,false,false,Hosted by Delta Sigma Pi. Open to all interested students.,mock
EV0211,ASME Student Section: Design Team Build Session,club_meeting,2026-10-28T18:30:00,2026-10-28T19:30:00,Holden Hall,club,ASME Student Section,,CL021,CP15,ME|ISE,MATLAB,75,false,false,Hosted by ASME Student Section. Open to all interested students.,mock
EV0054,Citadel Workshop: Quantitative Finance & Software Engineering,technical_workshop,2026-10-29T17:00:00,2026-10-29T19:00:00,Kelly Hall,company,Citadel,CO018,,CP06|CP01,CMDA|CPE|CS|MATH|STAT,C/C++|Data Structures & Algorithms|Git|Java|Python|Statistics|Stochastic Calculus,80,true,false,Meet Citadel recruiters and VT alumni. Learn about quantitative finance & software engineering internships and full-time roles. Bring a resume.,mock
EV0146,Marketing Association: Brand Challenge Kickoff,club_meeting,2026-10-29T18:00:00,2026-10-29T20:00:00,Owens Banquet Hall,club,Marketing Association,,CL010,CP14,MKTG|COMM|MGT,Market Research,100,true,false,Hosted by Marketing Association. Open to all interested students.,mock
EV0025,Booz Allen Hamilton Networking Night: Software Engineering,networking,2026-10-29T18:30:00,2026-10-29T20:30:00,Durham Hall,company,Booz Allen Hamilton,CO007,,CP01,CMDA|CPE|CS|MATH,Data Structures & Algorithms|Git|Java|Python,60,true,false,Meet Booz Allen Hamilton recruiters and VT alumni. Learn about software engineering internships and full-time roles. Bring a resume.,mock
EV0203,IEEE Student Branch: Industry Night,club_meeting,2026-10-29T19:00:00,2026-10-29T20:30:00,Holden Hall,club,IEEE Student Branch,,CL020,CP16|CP01,EE|CPE,Circuit Design|Embedded Systems,75,true,false,Hosted by IEEE Student Branch. Open to all interested students.,mock
EV0257,Toastmasters @ VT: Impromptu Speaking Practice,club_meeting,2026-10-29T19:00:00,2026-10-29T20:00:00,Virtual (Zoom),club,Toastmasters @ VT,,CL029,,ALL,Public Speaking,30,false,true,Hosted by Toastmasters @ VT. Open to all interested students.,mock
EV0149,Marketing Association: Brand Challenge Kickoff,club_meeting,2026-10-30T18:00:00,2026-10-30T19:00:00,Kelly Hall,club,Marketing Association,,CL010,CP14,MKTG|COMM|MGT,Digital Marketing|Market Research,30,true,false,Hosted by Marketing Association. Open to all interested students.,mock
EV0160,Entrepreneurship Club: Pitch Night,club_meeting,2026-10-30T18:00:00,2026-10-30T19:00:00,Durham Hall,club,Entrepreneurship Club,,CL012,CP11|CP07,MGT|CS|BIT|ID,Case Interviewing|SQL,100,true,false,Hosted by Entrepreneurship Club. Open to all interested students.,mock
EV0059,Microsoft Networking Night: Cybersecurity & AI / Machine Learning Engineering,networking,2026-10-30T18:30:00,2026-10-30T20:30:00,Squires Student Center,company,Microsoft,CO022,,CP10|CP03,BIT|CMDA|CPE|CS,Deep Learning|LLMs & AI Agents|Linux|Machine Learning|Network Security|Penetration Testing|Python,120,true,false,Meet Microsoft recruiters and VT alumni. Learn about cybersecurity & ai / machine learning engineering internships and full-time roles. Bring a resume.,mock
EV0130,Alpha Kappa Psi: Professional Development Night: Business Strategy,club_meeting,2026-10-30T19:30:00,2026-10-30T21:30:00,Kelly Hall,club,Alpha Kappa Psi,,CL006,CP07|CP04|CP14,FIN|MGT|MKTG|BIT|ACIS,Business Strategy|Market Research,30,false,false,Hosted by Alpha Kappa Psi. Open to all interested students.,mock
EV0020,PwC Coffee Chats: Audit & Assurance,coffee_chat,2026-11-02T12:00:00,2026-11-02T13:00:00,Squires Student Center,company,PwC,CO005,,CP09,ACIS|FIN,Accounting Fundamentals|Auditing|Excel Modeling|Financial Statement Analysis,200,true,false,Meet PwC recruiters and VT alumni. Learn about audit & assurance internships and full-time roles. Bring a resume.,mock
EV0035,Goldman Sachs Resume Reviews: Software Engineering & Investment Banking,resume_review,2026-11-02T13:00:00,2026-11-02T15:00:00,Holden Hall,company,Goldman Sachs,CO011,,CP01|CP04,ACIS|CMDA|CPE|CS|ECON|FIN|MATH,DCF Valuation|Data Structures & Algorithms|Financial Modeling|Git|Java|LBO Modeling|M&A Concepts|Python,80,true,false,Meet Goldman Sachs recruiters and VT alumni. Learn about software engineering & investment banking internships and full-time roles. Bring a resume.,mock
EV0102,U.S. Government Accountability Office Networking Night: Audit & Assurance,networking,2026-11-02T18:30:00,2026-11-02T20:30:00,McBryde Hall,company,U.S. Government Accountability Office,CO044,,CP09,ACIS|FIN,Accounting Fundamentals|Auditing|Excel Modeling|Financial Statement Analysis,60,true,false,Meet U.S. Government Accountability Office recruiters and VT alumni. Learn about audit & assurance internships and full-time roles. Bring a resume.,mock
EV0119,Quantitative Finance Society: Alumni Panel: Breaking into Sales & Trading / Markets,speaker,2026-11-02T19:30:00,2026-11-02T20:30:00,Virtual (Zoom),club,Quantitative Finance Society,,CL004,CP06|CP05,MATH|STAT|CS|CMDA|FIN,Excel Modeling,75,true,true,Hosted by Quantitative Finance Society. Open to all interested students.,mock
EV0277,Intro to SQL for Non-CS Majors,workshop,2026-11-03T12:30:00,2026-11-03T13:45:00,Squires Student Center,university,Career and Professional Development,,,CP02|CP08|CP11|CP13,ALL,SQL,60,true,false,Intro to SQL for Non-CS Majors led by Career and Professional Development staff.,mock
EV0173,VTHacks: Tech Talk: AI / Machine Learning Engineering,speaker,2026-11-03T18:30:00,2026-11-03T20:30:00,Torgersen Hall,club,VTHacks,,CL014,CP01|CP03|CP11,CS|CPE|CMDA|EE,Data Structures & Algorithms,50,false,false,Hosted by VTHacks. Open to all interested students.,mock
EV0011,Deloitte Workshop: Audit & Assurance,technical_workshop,2026-11-04T17:00:00,2026-11-04T19:00:00,Pamplin Hall,company,Deloitte,CO001,,CP09,ACIS|FIN,Accounting Fundamentals|Auditing|Excel Modeling|Financial Statement Analysis,200,true,false,Meet Deloitte recruiters and VT alumni. Learn about audit & assurance internships and full-time roles. Bring a resume.,mock
EV0208,ASME Student Section: Design Team Build Session,club_meeting,2026-11-04T18:30:00,2026-11-04T19:30:00,Data and Decision Sciences Building,club,ASME Student Section,,CL021,CP15,ME|ISE,CAD (SolidWorks)|Structural Analysis,75,false,false,Hosted by ASME Student Section. Open to all interested students.,mock
EV0267,Salary Negotiation 101,workshop,2026-11-05T16:00:00,2026-11-05T17:15:00,Virtual (Zoom),university,Career and Professional Development,,,CP04|CP05|CP07|CP08|CP11|CP12|CP14|CP19,ALL,Networking|Public Speaking,60,true,true,Salary Negotiation 101 led by Career and Professional Development staff.,mock
EV0005,Engineering Expo Spring Preview Night,networking,2026-11-05T17:30:00,2026-11-05T20:00:00,Owens Banquet Hall,university,College of Engineering,,,CP15|CP16|CP17|CP18,ME|EE|CEE|BME|ISE|CPE,Networking,400,true,false,Preview night for spring engineering recruiting.,mock
EV0099,MITRE Info Session: Data Science & Analytics,info_session,2026-11-05T18:00:00,2026-11-05T19:30:00,Johnston Student Center,company,MITRE,CO043,,CP02,CMDA|CS|ECON|MATH|STAT,Machine Learning|Python|SQL|Statistics,120,true,false,Meet MITRE recruiters and VT alumni. Learn about data science & analytics internships and full-time roles. Bring a resume.,mock
EV0111,SEED: LBO Modeling Workshop,workshop,2026-11-05T19:30:00,2026-11-05T21:30:00,Kelly Hall,club,SEED (Student-managed Endowment for Educational Development),,CL002,CP04|CP05|CP06,FIN|ECON,LBO Modeling|Statistics,100,true,false,Hosted by SEED (Student-managed Endowment for Educational Development). Open to all interested students.,mock
EV0042,Bank of America Networking Night: Sales & Trading / Markets & Investment Banking,networking,2026-11-06T18:30:00,2026-11-06T20:30:00,Squires Student Center,company,Bank of America,CO014,,CP05|CP04,ACIS|ECON|FIN|MATH,DCF Valuation|Excel Modeling|Financial Modeling|Financial Statement Analysis|LBO Modeling|M&A Concepts|Python|Statistics,120,true,false,Meet Bank of America recruiters and VT alumni. Learn about sales & trading / markets & investment banking internships and full-time roles. Bring a resume.,mock
EV0174,VTHacks: LeetCode Night,club_meeting,2026-11-06T18:30:00,2026-11-06T20:30:00,Data and Decision Sciences Building,club,VTHacks,,CL014,CP01|CP03|CP11,CS|CPE|CMDA|EE,Java|User Research,100,false,false,Hosted by VTHacks. Open to all interested students.,mock
EV0040,Bank of America Workshop: Sales & Trading / Markets & Software Engineering,technical_workshop,2026-11-09T17:00:00,2026-11-09T19:00:00,Kelly Hall,company,Bank of America,CO014,,CP05|CP01,CMDA|CPE|CS|ECON|FIN|MATH,Data Structures & Algorithms|Excel Modeling|Financial Statement Analysis|Git|Java|Python|Statistics,80,true,false,Meet Bank of America recruiters and VT alumni. Learn about sales & trading / markets & software engineering internships and full-time roles. Bring a resume.,mock
EV0014,Databricks Networking Night: AI / Machine Learning Engineering & Data Science & Analytics,networking,2026-11-09T18:30:00,2026-11-09T20:30:00,Owens Banquet Hall,company,Databricks,CO002,,CP03|CP02,CMDA|CPE|CS|ECON|MATH|STAT,Deep Learning|LLMs & AI Agents|Machine Learning|Python|SQL|Statistics,200,true,false,Meet Databricks recruiters and VT alumni. Learn about ai / machine learning engineering & data science & analytics internships and full-time roles. Bring a resume.,mock
EV0136,Delta Sigma Pi: Professional Development Night: Digital Marketing,club_meeting,2026-11-09T18:30:00,2026-11-09T20:30:00,Torgersen Hall,club,Delta Sigma Pi,,CL007,CP07|CP14|CP09,FIN|MGT|MKTG|ACIS,Business Strategy|Digital Marketing,50,true,false,Hosted by Delta Sigma Pi. Open to all interested students.,mock
EV0201,IEEE Student Branch: Data Structures & Algorithms Workshop,workshop,2026-11-09T19:00:00,2026-11-09T21:00:00,Squires Student Center,club,IEEE Student Branch,,CL020,CP16|CP01,EE|CPE,Data Structures & Algorithms|Python,100,false,false,Hosted by IEEE Student Branch. Open to all interested students.,mock
EV0258,Toastmasters @ VT: Impromptu Speaking Practice,club_meeting,2026-11-09T19:00:00,2026-11-09T20:00:00,McBryde Hall,club,Toastmasters @ VT,,CL029,,ALL,Public Speaking,100,false,false,Hosted by Toastmasters @ VT. Open to all interested students.,mock
EV0118,Quantitative Finance Society: Technical Interview Drill: Python,workshop,2026-11-09T19:30:00,2026-11-09T21:30:00,Holden Hall,club,Quantitative Finance Society,,CL004,CP06|CP05,MATH|STAT|CS|CMDA|FIN,Python|Statistics,100,false,false,Hosted by Quantitative Finance Society. Open to all interested students.,mock
EV0046,Wells Fargo Workshop: Software Engineering & Data Science & Analytics,technical_workshop,2026-11-10T17:00:00,2026-11-10T19:00:00,Holden Hall,company,Wells Fargo,CO015,,CP01|CP02,CMDA|CPE|CS|ECON|MATH|STAT,Data Structures & Algorithms|Git|Java|Machine Learning|Python|SQL|Statistics,200,true,false,Meet Wells Fargo recruiters and VT alumni. Learn about software engineering & data science & analytics internships and full-time roles. Bring a resume.,mock
EV0089,Procter & Gamble Workshop: Mechanical / Aerospace Engineering,technical_workshop,2026-11-10T17:00:00,2026-11-10T19:00:00,Pamplin Hall,company,Procter & Gamble,CO038,,CP15,ISE|ME,CAD (SolidWorks)|MATLAB|Project Management|Structural Analysis,200,true,false,Meet Procter & Gamble recruiters and VT alumni. Learn about mechanical / aerospace engineering internships and full-time roles. Bring a resume.,mock
EV0177,Cyber@VT: CTF Practice Night,club_meeting,2026-11-10T18:00:00,2026-11-10T19:00:00,Graduate Life Center,club,Cyber@VT,,CL015,CP10,CS|CPE|BIT,Penetration Testing,75,false,false,Hosted by Cyber@VT. Open to all interested students.,mock
EV0048,Truist Coffee Chats: Audit & Assurance,coffee_chat,2026-11-11T12:00:00,2026-11-11T13:00:00,Kelly Hall,company,Truist,CO016,,CP09,ACIS|FIN,Accounting Fundamentals|Auditing|Excel Modeling|Financial Statement Analysis,200,true,false,Meet Truist recruiters and VT alumni. Learn about audit & assurance internships and full-time roles. Bring a resume.,mock
EV0105,COINS: Technical Interview Drill: DCF Valuation,workshop,2026-11-11T19:30:00,2026-11-11T21:00:00,Durham Hall,club,COINS,,CL001,CP04|CP05,FIN|ECON|ACIS,DCF Valuation|LBO Modeling,30,false,false,Hosted by COINS. Open to all interested students.,mock
EV0051,Citadel Resume Reviews: Quantitative Finance & Software Engineering,resume_review,2026-11-12T13:00:00,2026-11-12T15:00:00,Holden Hall,company,Citadel,CO018,,CP06|CP01,CMDA|CPE|CS|MATH|STAT,C/C++|Data Structures & Algorithms|Git|Java|Python|Statistics|Stochastic Calculus,120,true,false,Meet Citadel recruiters and VT alumni. Learn about quantitative finance & software engineering internships and full-time roles. Bring a resume.,mock
EV0023,KPMG Workshop: Audit & Assurance,technical_workshop,2026-11-12T17:00:00,2026-11-12T19:00:00,Johnston Student Center,company,KPMG,CO006,,CP09,ACIS|FIN,Accounting Fundamentals|Auditing|Excel Modeling|Financial Statement Analysis,60,true,false,Meet KPMG recruiters and VT alumni. Learn about audit & assurance internships and full-time roles. Bring a resume.,mock
EV0150,Marketing Association: Brand Challenge Kickoff,club_meeting,2026-11-12T18:00:00,2026-11-12T19:00:00,Torgersen Hall,club,Marketing Association,,CL010,CP14,MKTG|COMM|MGT,Data Visualization|Market Research,50,false,false,Hosted by Marketing Association. Open to all interested students.,mock
EV0199,UX Design Club: JavaScript Workshop,workshop,2026-11-12T18:30:00,2026-11-12T19:30:00,McBryde Hall,club,UX Design Club,,CL019,CP12|CP11,ID|CS|COMM,JavaScript|SQL,100,false,false,Hosted by UX Design Club. Open to all interested students.,mock
EV0273,Mock Interview Day,workshop,2026-11-13T12:30:00,2026-11-13T13:45:00,Newman Library,university,Career and Professional Development,,,CP01|CP04|CP05|CP07|CP08|CP11|CP12|CP14|CP19,ALL,Behavioral Interviewing|Public Speaking,60,true,false,Mock Interview Day led by Career and Professional Development staff.,mock
EV0073,RTX Resume Reviews: Mechanical / Aerospace Engineering & Electrical & Embedded Engineering,resume_review,2026-11-13T13:00:00,2026-11-13T15:00:00,Owens Banquet Hall,company,RTX,CO030,,CP15|CP16,CPE|EE|ISE|ME,C/C++|CAD (SolidWorks)|Circuit Design|Embedded Systems|MATLAB|Project Management|Structural Analysis,40,true,false,Meet RTX recruiters and VT alumni. Learn about mechanical / aerospace engineering & electrical & embedded engineering internships and full-time roles. Bring a resume.,mock
EV0066,IBM Info Session: AI / Machine Learning Engineering,info_session,2026-11-13T18:00:00,2026-11-13T19:30:00,Data and Decision Sciences Building,company,IBM,CO025,,CP03,CMDA|CPE|CS,Deep Learning|LLMs & AI Agents|Machine Learning|Python,200,true,false,Meet IBM recruiters and VT alumni. Learn about ai / machine learning engineering internships and full-time roles. Bring a resume.,mock
EV0018,EY Resume Reviews: Audit & Assurance & Technology Consulting,resume_review,2026-11-16T13:00:00,2026-11-16T15:00:00,McBryde Hall,company,EY,CO004,,CP09|CP08,ACIS|BIT|CMDA|CS|FIN|ISE,Accounting Fundamentals|Auditing|Cloud (AWS/Azure/GCP)|Excel Modeling|Financial Statement Analysis|Project Management|SQL|Spark / Databricks,60,true,false,Meet EY recruiters and VT alumni. Learn about audit & assurance & technology consulting internships and full-time roles. Bring a resume.,mock
EV0256,Toastmasters @ VT: Impromptu Speaking Practice,club_meeting,2026-11-16T19:00:00,2026-11-16T20:00:00,Johnston Student Center,club,Toastmasters @ VT,,CL029,,ALL,Leadership|Public Speaking,75,true,false,Hosted by Toastmasters @ VT. Open to all interested students.,mock
EV0078,Collins Aerospace Coffee Chats: Mechanical / Aerospace Engineering & Electrical & Embedded Engineering,coffee_chat,2026-11-17T12:00:00,2026-11-17T13:00:00,Graduate Life Center,company,Collins Aerospace,CO033,,CP15|CP16,CPE|EE|ISE|ME,C/C++|CAD (SolidWorks)|Circuit Design|Embedded Systems|MATLAB|Project Management|Structural Analysis,60,true,false,Meet Collins Aerospace recruiters and VT alumni. Learn about mechanical / aerospace engineering & electrical & embedded engineering internships and full-time roles. Bring a resume.,mock
EV0272,Mock Interview Day,workshop,2026-11-17T12:30:00,2026-11-17T13:45:00,Squires Student Center,university,Career and Professional Development,,,CP01|CP04|CP05|CP07|CP08|CP11|CP12|CP14|CP19,ALL,Behavioral Interviewing|Public Speaking,60,true,false,Mock Interview Day led by Career and Professional Development staff.,mock
EV0274,Finding Research Positions,workshop,2026-11-17T12:30:00,2026-11-17T13:45:00,Newman Library,university,Career and Professional Development,,,CP18,ALL,Lab Research Methods,60,true,false,Finding Research Positions led by Career and Professional Development staff.,mock
EV0275,Finding Research Positions,workshop,2026-11-17T16:00:00,2026-11-17T17:15:00,Virtual (Zoom),university,Career and Professional Development,,,CP18,ALL,Lab Research Methods,60,true,true,Finding Research Positions led by Career and Professional Development staff.,mock
EV0197,UX Design Club: Portfolio Review Night,club_meeting,2026-11-17T18:30:00,2026-11-17T19:30:00,Newman Library,club,UX Design Club,,CL019,CP12|CP11,ID|CS|COMM,Figma|Product Roadmapping,30,true,false,Hosted by UX Design Club. Open to all interested students.,mock
EV0185,Machine Learning @ VT: Python Workshop,workshop,2026-11-17T19:00:00,2026-11-17T20:00:00,Owens Banquet Hall,club,Machine Learning @ VT,,CL017,CP03|CP02,CS|CMDA|CPE,Python|Statistics,75,true,false,Hosted by Machine Learning @ VT. Open to all interested students.,mock
EV0068,IBM Resume Reviews: Software Engineering,resume_review,2026-11-18T13:00:00,2026-11-18T15:00:00,Graduate Life Center,company,IBM,CO025,,CP01,CMDA|CPE|CS|MATH,Data Structures & Algorithms|Git|Java|Python,60,true,false,Meet IBM recruiters and VT alumni. Learn about software engineering internships and full-time roles. Bring a resume.,mock
EV0092,Altria Resume Reviews: Audit & Assurance & Supply Chain & Operations,resume_review,2026-11-18T13:00:00,2026-11-18T15:00:00,Goodwin Hall,company,Altria,CO039,,CP09|CP13,ACIS|BIT|FIN|ISE|MGT,Accounting Fundamentals|Auditing|Excel Modeling|Financial Statement Analysis|Project Management|SQL|Supply Chain Analytics,80,true,false,Meet Altria recruiters and VT alumni. Learn about audit & assurance & supply chain & operations internships and full-time roles. Bring a resume.,mock
EV0104,U.S. Government Accountability Office Coffee Chats: Audit & Assurance,coffee_chat,2026-11-19T12:00:00,2026-11-19T13:00:00,Goodwin Hall,company,U.S. Government Accountability Office,CO044,,CP09,ACIS|FIN,Accounting Fundamentals|Auditing|Excel Modeling|Financial Statement Analysis,120,true,false,Meet U.S. Government Accountability Office recruiters and VT alumni. Learn about audit & assurance internships and full-time roles. Bring a resume.,mock
EV0123,Beta Alpha Psi: Accounting Fundamentals Study Session,club_meeting,2026-11-19T19:00:00,2026-11-19T20:30:00,Goodwin Hall,club,Beta Alpha Psi,,CL005,CP09,ACIS|FIN,Accounting Fundamentals|Excel Modeling,30,true,false,Hosted by Beta Alpha Psi. Open to all interested students.,mock
EV0254,Toastmasters @ VT: Speech Night,club_meeting,2026-11-19T19:00:00,2026-11-19T21:00:00,Torgersen Hall,club,Toastmasters @ VT,,CL029,,ALL,Leadership|Public Speaking,75,true,false,Hosted by Toastmasters @ VT. Open to all interested students.,mock
EV0103,U.S. Government Accountability Office Workshop: Public Policy & Government,technical_workshop,2026-11-20T17:00:00,2026-11-20T19:00:00,McBryde Hall,company,U.S. Government Accountability Office,CO044,,CP19,COMM|ECON|PSCI,Policy Analysis|Public Speaking|Statistics|Technical Writing,120,true,false,Meet U.S. Government Accountability Office recruiters and VT alumni. Learn about public policy & government internships and full-time roles. Bring a resume.,mock
EV0145,Product Management Club: Product Roadmapping Workshop,workshop,2026-11-20T18:00:00,2026-11-20T19:00:00,Durham Hall,club,Product Management Club,,CL009,CP11,CS|BIT|MGT|ID,Product Roadmapping|User Research,75,true,false,Hosted by Product Management Club. Open to all interested students.,mock
EV0069,Cisco Networking Night: Software Engineering,networking,2026-11-20T18:30:00,2026-11-20T20:30:00,Torgersen Hall,company,Cisco,CO026,,CP01,CMDA|CPE|CS|MATH,Data Structures & Algorithms|Git|Java|Python,80,true,false,Meet Cisco recruiters and VT alumni. Learn about software engineering internships and full-time roles. Bring a resume.,mock
EV0039,Morgan Stanley Coffee Chats: Investment Banking & Sales & Trading / Markets,coffee_chat,2026-11-23T12:00:00,2026-11-23T13:00:00,Data and Decision Sciences Building,company,Morgan Stanley,CO013,,CP04|CP05,ACIS|ECON|FIN|MATH,DCF Valuation|Excel Modeling|Financial Modeling|Financial Statement Analysis|LBO Modeling|M&A Concepts|Python|Statistics,200,true,false,Meet Morgan Stanley recruiters and VT alumni. Learn about investment banking & sales & trading / markets internships and full-time roles. Bring a resume.,mock
EV0191,Women in Computing: Mock Technical Interviews,club_meeting,2026-11-23T19:00:00,2026-11-23T21:00:00,Newman Library,club,Women in Computing,,CL018,CP01|CP11|CP02,CS|CPE|CMDA,Data Structures & Algorithms|Statistics,75,true,false,Hosted by Women in Computing. Open to all interested students.,mock
EV0241,Society of Hispanic Professional Engineers: Circuit Design Workshop,workshop,2026-11-23T19:00:00,2026-11-23T20:30:00,Pamplin Hall,club,Society of Hispanic Professional Engineers,,CL026,CP15|CP16|CP01,ME|EE|CPE|CEE|CS|ISE,C/C++|Circuit Design,50,true,false,Hosted by Society of Hispanic Professional Engineers. Open to all interested students.,mock
EV0074,Leidos Resume Reviews: Software Engineering & Data Science & Analytics,resume_review,2026-11-25T13:00:00,2026-11-25T15:00:00,Pamplin Hall,company,Leidos,CO031,,CP01|CP02,CMDA|CPE|CS|ECON|MATH|STAT,Data Structures & Algorithms|Git|Java|Machine Learning|Python|SQL|Statistics,80,true,false,Meet Leidos recruiters and VT alumni. Learn about software engineering & data science & analytics internships and full-time roles. Bring a resume.,mock
EV0161,Entrepreneurship Club: Pitch Night,club_meeting,2026-11-25T18:00:00,2026-11-25T19:00:00,Holden Hall,club,Entrepreneurship Club,,CL012,CP11|CP07,MGT|CS|BIT|ID,Case Interviewing|Market Sizing,50,true,false,Hosted by Entrepreneurship Club. Open to all interested students.,mock
EV0178,Cyber@VT: CTF Practice Night,club_meeting,2026-11-25T18:00:00,2026-11-25T19:00:00,Pamplin Hall,club,Cyber@VT,,CL015,CP10,CS|CPE|BIT,Network Security,50,true,false,Hosted by Cyber@VT. Open to all interested students.,mock
EV0091,Altria Networking Night: Audit & Assurance & Supply Chain & Operations,networking,2026-11-25T18:30:00,2026-11-25T20:30:00,Owens Banquet Hall,company,Altria,CO039,,CP09|CP13,ACIS|BIT|FIN|ISE|MGT,Accounting Fundamentals|Auditing|Excel Modeling|Financial Statement Analysis|Project Management|SQL|Supply Chain Analytics,40,true,false,Meet Altria recruiters and VT alumni. Learn about audit & assurance & supply chain & operations internships and full-time roles. Bring a resume.,mock
EV0060,Google Coffee Chats: Product Management & AI / Machine Learning Engineering,coffee_chat,2026-11-26T12:00:00,2026-11-26T13:00:00,Graduate Life Center,company,Google,CO023,,CP11|CP03,BIT|CMDA|CPE|CS|ID|MGT,Business Strategy|Deep Learning|LLMs & AI Agents|Machine Learning|Product Roadmapping|Python|SQL|User Research,40,true,false,Meet Google recruiters and VT alumni. Learn about product management & ai / machine learning engineering internships and full-time roles. Bring a resume.,mock
EV0026,Booz Allen Hamilton Resume Reviews: Technology Consulting & Data Science & Analytics,resume_review,2026-11-26T13:00:00,2026-11-26T15:00:00,Graduate Life Center,company,Booz Allen Hamilton,CO007,,CP08|CP02,BIT|CMDA|CS|ECON|ISE|MATH|STAT,Cloud (AWS/Azure/GCP)|Machine Learning|Project Management|Python|SQL|Spark / Databricks|Statistics,60,true,false,Meet Booz Allen Hamilton recruiters and VT alumni. Learn about technology consulting & data science & analytics internships and full-time roles. Bring a resume.,mock
EV0079,Collins Aerospace Resume Reviews: Electrical & Embedded Engineering,resume_review,2026-11-26T13:00:00,2026-11-26T15:00:00,Squires Student Center,company,Collins Aerospace,CO033,,CP16,CPE|EE,C/C++|Circuit Design|Embedded Systems|MATLAB,200,true,false,Meet Collins Aerospace recruiters and VT alumni. Learn about electrical & embedded engineering internships and full-time roles. Bring a resume.,mock
EV0270,Networking for Introverts,workshop,2026-11-27T16:00:00,2026-11-27T17:15:00,Newman Library,university,Career and Professional Development,,,CP04|CP05,ALL,Networking,60,true,false,Networking for Introverts led by Career and Professional Development staff.,mock
EV0021,KPMG Info Session: Audit & Assurance,info_session,2026-11-27T18:00:00,2026-11-27T19:30:00,Johnston Student Center,company,KPMG,CO006,,CP09,ACIS|FIN,Accounting Fundamentals|Auditing|Excel Modeling|Financial Statement Analysis,80,true,false,Meet KPMG recruiters and VT alumni. Learn about audit & assurance internships and full-time roles. Bring a resume.,mock
EV0202,IEEE Student Branch: Industry Night,club_meeting,2026-11-27T19:00:00,2026-11-27T20:00:00,Durham Hall,club,IEEE Student Branch,,CL020,CP16|CP01,EE|CPE,Data Structures & Algorithms|Java,50,false,false,Hosted by IEEE Student Branch. Open to all interested students.,mock
EV0263,LinkedIn Photo & Profile Day,workshop,2026-11-30T12:30:00,2026-11-30T13:45:00,Newman Library,university,Career and Professional Development,,,CP04|CP05,ALL,Networking,60,true,false,LinkedIn Photo & Profile Day led by Career and Professional Development staff.,mock
EV0090,Procter & Gamble Workshop: Mechanical / Aerospace Engineering,technical_workshop,2026-11-30T17:00:00,2026-11-30T19:00:00,Holden Hall,company,Procter & Gamble,CO038,,CP15,ISE|ME,CAD (SolidWorks)|MATLAB|Project Management|Structural Analysis,200,true,false,Meet Procter & Gamble recruiters and VT alumni. Learn about mechanical / aerospace engineering internships and full-time roles. Bring a resume.,mock
EV0094,Hilton Networking Night: Marketing & Brand Management,networking,2026-11-30T18:30:00,2026-11-30T20:30:00,Newman Library,company,Hilton,CO040,,CP14,COMM|MGT|MKTG,Data Visualization|Digital Marketing|Market Research|Public Speaking,120,true,false,Meet Hilton recruiters and VT alumni. Learn about marketing & brand management internships and full-time roles. Bring a resume.,mock
EV0128,Alpha Kappa Psi: Professional Development Night: Business Strategy,club_meeting,2026-11-30T19:30:00,2026-11-30T20:30:00,Graduate Life Center,club,Alpha Kappa Psi,,CL006,CP07|CP04|CP14,FIN|MGT|MKTG|BIT|ACIS,Business Strategy|Case Interviewing,100,true,false,Hosted by Alpha Kappa Psi. Open to all interested students.,mock
EV0216,ASCE Student Chapter: Design Team Build Session,club_meeting,2026-11-30T19:30:00,2026-11-30T21:30:00,Goodwin Hall,club,ASCE Student Chapter,,CL022,CP17,CEE,Project Management|Structural Analysis,100,false,false,Hosted by ASCE Student Chapter. Open to all interested students.,mock
EV0222,Biomedical Engineering Society: Lab Research Methods Workshop,workshop,2026-11-30T19:30:00,2026-11-30T21:00:00,Kelly Hall,club,Biomedical Engineering Society,,CL023,CP18,BME|BIO,Lab Research Methods|MATLAB,30,false,false,Hosted by Biomedical Engineering Society. Open to all interested students.,mock
EV0045,Wells Fargo Coffee Chats: Data Science & Analytics,coffee_chat,2026-12-01T12:00:00,2026-12-01T13:00:00,Holden Hall,company,Wells Fargo,CO015,,CP02,CMDA|CS|ECON|MATH|STAT,Machine Learning|Python|SQL|Statistics,120,true,false,Meet Wells Fargo recruiters and VT alumni. Learn about data science & analytics internships and full-time roles. Bring a resume.,mock
EV0100,MITRE Coffee Chats: Public Policy & Government,coffee_chat,2026-12-01T12:00:00,2026-12-01T13:00:00,Durham Hall,company,MITRE,CO043,,CP19,COMM|ECON|PSCI,Policy Analysis|Public Speaking|Statistics|Technical Writing,40,true,false,Meet MITRE recruiters and VT alumni. Learn about public policy & government internships and full-time roles. Bring a resume.,mock
EV0031,Boston Consulting Group Resume Reviews: Management Consulting & Technology Consulting,resume_review,2026-12-01T13:00:00,2026-12-01T15:00:00,Goodwin Hall,company,Boston Consulting Group,CO009,,CP07|CP08,BIT|CMDA|CS|ECON|FIN|ISE|MGT,Business Strategy|Case Interviewing|Cloud (AWS/Azure/GCP)|Excel Modeling|Market Sizing|Project Management|SQL|Spark / Databricks,120,true,false,Meet Boston Consulting Group recruiters and VT alumni. Learn about management consulting & technology consulting internships and full-time roles. Bring a resume.,mock
EV0125,Beta Alpha Psi: Accounting Fundamentals Study Session,club_meeting,2026-12-01T19:00:00,2026-12-01T20:30:00,Pamplin Hall,club,Beta Alpha Psi,,CL005,CP09,ACIS|FIN,Accounting Fundamentals|Auditing,30,true,false,Hosted by Beta Alpha Psi. Open to all interested students.,mock
EV0233,National Society of Black Engineers: Industry Night,club_meeting,2026-12-02T18:00:00,2026-12-02T19:30:00,Data and Decision Sciences Building,club,National Society of Black Engineers,,CL025,CP15|CP16|CP01|CP17,ME|EE|CPE|CEE|CS|ISE,Embedded Systems|MATLAB,100,true,false,Hosted by National Society of Black Engineers. Open to all interested students.,mock
EV0162,Entrepreneurship Club: Pitch Night,club_meeting,2026-12-03T18:00:00,2026-12-03T20:00:00,Kelly Hall,club,Entrepreneurship Club,,CL012,CP11|CP07,MGT|CS|BIT|ID,Product Roadmapping|User Research,100,true,false,Hosted by Entrepreneurship Club. Open to all interested students.,mock
EV0188,Machine Learning @ VT: Databricks Hands-on Lab,workshop,2026-12-03T19:00:00,2026-12-03T20:00:00,Holden Hall,club,Machine Learning @ VT,,CL017,CP03|CP02,CS|CMDA|CPE,Machine Learning|SQL,75,false,false,Hosted by Machine Learning @ VT. Open to all interested students.,mock
EV0080,Collins Aerospace Resume Reviews: Electrical & Embedded Engineering,resume_review,2026-12-04T13:00:00,2026-12-04T15:00:00,Owens Banquet Hall,company,Collins Aerospace,CO033,,CP16,CPE|EE,C/C++|Circuit Design|Embedded Systems|MATLAB,200,true,false,Meet Collins Aerospace recruiters and VT alumni. Learn about electrical & embedded engineering internships and full-time roles. Bring a resume.,mock
EV0101,MITRE Workshop: AI / Machine Learning Engineering & Cybersecurity,technical_workshop,2026-12-04T17:00:00,2026-12-04T19:00:00,Holden Hall,company,MITRE,CO043,,CP03|CP10,BIT|CMDA|CPE|CS,Deep Learning|LLMs & AI Agents|Linux|Machine Learning|Network Security|Penetration Testing|Python,80,true,false,Meet MITRE recruiters and VT alumni. Learn about ai / machine learning engineering & cybersecurity internships and full-time roles. Bring a resume.,mock
EV0179,Data Science Club: Databricks Hands-on Lab,workshop,2026-12-04T18:30:00,2026-12-04T20:00:00,Pamplin Hall,club,Data Science Club,,CL016,CP02|CP03,CMDA|STAT|CS|MATH,Machine Learning|Python,50,true,false,Hosted by Data Science Club. Open to all interested students.,mock
EV0192,Women in Computing: Data Structures & Algorithms Workshop,workshop,2026-12-04T19:00:00,2026-12-04T20:00:00,Goodwin Hall,club,Women in Computing,,CL018,CP01|CP11|CP02,CS|CPE|CMDA,Data Structures & Algorithms|User Research,75,false,false,Hosted by Women in Computing. Open to all interested students.,mock
EV0159,Entrepreneurship Club: Pitch Night,club_meeting,2026-12-07T18:00:00,2026-12-07T19:00:00,Durham Hall,club,Entrepreneurship Club,,CL012,CP11|CP07,MGT|CS|BIT|ID,SQL,50,false,false,Hosted by Entrepreneurship Club. Open to all interested students.,mock
EV0230,Society of Women Engineers: Embedded Systems Workshop,workshop,2026-12-07T18:00:00,2026-12-07T19:00:00,Graduate Life Center,club,Society of Women Engineers,,CL024,CP15|CP16|CP01|CP17,ME|EE|CPE|CEE|ISE|BME|CS,Embedded Systems|MATLAB,75,true,false,Hosted by Society of Women Engineers. Open to all interested students.,mock
EV0209,ASME Student Section: Structural Analysis Workshop,workshop,2026-12-07T18:30:00,2026-12-07T19:30:00,Virtual (Zoom),club,ASME Student Section,,CL021,CP15,ME|ISE,CAD (SolidWorks)|Structural Analysis,75,true,true,Hosted by ASME Student Section. Open to all interested students.,mock
EV0214,ASME Student Section: Structural Analysis Workshop,workshop,2026-12-07T18:30:00,2026-12-07T20:30:00,Squires Student Center,club,ASME Student Section,,CL021,CP15,ME|ISE,CAD (SolidWorks)|Structural Analysis,75,false,false,Hosted by ASME Student Section. Open to all interested students.,mock
EV0117,Quantitative Finance Society: Technical Interview Drill: Financial Statement Analysis,workshop,2026-12-07T19:30:00,2026-12-07T21:00:00,Data and Decision Sciences Building,club,Quantitative Finance Society,,CL004,CP06|CP05,MATH|STAT|CS|CMDA|FIN,Financial Statement Analysis|Python,50,true,false,Hosted by Quantitative Finance Society. Open to all interested students.,mock
EV0221,ASCE Student Chapter: Design Team Build Session,club_meeting,2026-12-07T19:30:00,2026-12-07T20:30:00,Torgersen Hall,club,ASCE Student Chapter,,CL022,CP17,CEE,CAD (SolidWorks)|Project Management,30,true,false,Hosted by ASCE Student Chapter. Open to all interested students.,mock
EV0278,Intro to SQL for Non-CS Majors,workshop,2026-12-08T17:30:00,2026-12-08T18:45:00,Squires Student Center,university,Career and Professional Development,,,CP02|CP08|CP11|CP13,ALL,SQL,60,true,false,Intro to SQL for Non-CS Majors led by Career and Professional Development staff.,mock
EV0231,National Society of Black Engineers: Embedded Systems Workshop,workshop,2026-12-08T18:00:00,2026-12-08T19:00:00,Pamplin Hall,club,National Society of Black Engineers,,CL025,CP15|CP16|CP01|CP17,ME|EE|CPE|CEE|CS|ISE,Data Structures & Algorithms|Embedded Systems,50,false,false,Hosted by National Society of Black Engineers. Open to all interested students.,mock
EV0194,UX Design Club: Portfolio Review Night,club_meeting,2026-12-08T18:30:00,2026-12-08T20:30:00,Durham Hall,club,UX Design Club,,CL019,CP12|CP11,ID|CS|COMM,User Research,100,true,false,Hosted by UX Design Club. Open to all interested students.,mock
EV0215,ASCE Student Chapter: Design Team Build Session,club_meeting,2026-12-08T19:30:00,2026-12-08T21:00:00,Johnston Student Center,club,ASCE Student Chapter,,CL022,CP17,CEE,Project Management|Structural Analysis,100,false,false,Hosted by ASCE Student Chapter. Open to all interested students.,mock
EV0063,Meta Coffee Chats: Software Engineering,coffee_chat,2026-12-09T12:00:00,2026-12-09T13:00:00,Owens Banquet Hall,company,Meta,CO024,,CP01,CMDA|CPE|CS|MATH,Data Structures & Algorithms|Git|Java|Python,200,true,false,Meet Meta recruiters and VT alumni. Learn about software engineering internships and full-time roles. Bring a resume.,mock
EV0064,Meta Info Session: UX / Product Design & AI / Machine Learning Engineering,info_session,2026-12-09T18:00:00,2026-12-09T19:30:00,Data and Decision Sciences Building,company,Meta,CO024,,CP12|CP03,CMDA|COMM|CPE|CS|ID,Deep Learning|Figma|JavaScript|LLMs & AI Agents|Machine Learning|Public Speaking|Python|User Research,40,true,false,Meet Meta recruiters and VT alumni. Learn about ux / product design & ai / machine learning engineering internships and full-time roles. Bring a resume.,mock
EV0190,Machine Learning @ VT: Kaggle Night,club_meeting,2026-12-09T19:00:00,2026-12-09T21:00:00,Data and Decision Sciences Building,club,Machine Learning @ VT,,CL017,CP03|CP02,CS|CMDA|CPE,Python|SQL,75,true,false,Hosted by Machine Learning @ VT. Open to all interested students.,mock
EV0137,VT Consulting Group: Case Interview Bootcamp,workshop,2026-12-09T19:30:00,2026-12-09T20:30:00,Kelly Hall,club,VT Consulting Group,,CL008,CP07|CP08,MGT|FIN|ECON|BIT|ISE,Market Sizing|Spark / Databricks,30,false,false,Hosted by VT Consulting Group. Open to all interested students.,mock
EV0010,Deloitte Coffee Chats: Audit & Assurance,coffee_chat,2026-12-10T12:00:00,2026-12-10T13:00:00,Torgersen Hall,company,Deloitte,CO001,,CP09,ACIS|FIN,Accounting Fundamentals|Auditing|Excel Modeling|Financial Statement Analysis,80,true,false,Meet Deloitte recruiters and VT alumni. Learn about audit & assurance internships and full-time roles. Bring a resume.,mock
EV0218,ASCE Student Chapter: Industry Night,club_meeting,2026-12-10T19:30:00,2026-12-10T21:30:00,Owens Banquet Hall,club,ASCE Student Chapter,,CL022,CP17,CEE,Structural Analysis,100,false,false,Hosted by ASCE Student Chapter. Open to all interested students.,mock
EV0043,Bank of America Networking Night: Sales & Trading / Markets & Investment Banking,networking,2026-12-11T18:30:00,2026-12-11T20:30:00,Data and Decision Sciences Building,company,Bank of America,CO014,,CP05|CP04,ACIS|ECON|FIN|MATH,DCF Valuation|Excel Modeling|Financial Modeling|Financial Statement Analysis|LBO Modeling|M&A Concepts|Python|Statistics,200,true,false,Meet Bank of America recruiters and VT alumni. Learn about sales & trading / markets & investment banking internships and full-time roles. Bring a resume.,mock
EV0181,Data Science Club: Python Workshop,workshop,2026-12-11T18:30:00,2026-12-11T20:00:00,Pamplin Hall,club,Data Science Club,,CL016,CP02|CP03,CMDA|STAT|CS|MATH,Python|SQL,100,false,false,Hosted by Data Science Club. Open to all interested students.,mock
EV0121,Beta Alpha Psi: Accounting Fundamentals Study Session,club_meeting,2026-12-11T19:00:00,2026-12-11T21:00:00,Virtual (Zoom),club,Beta Alpha Psi,,CL005,CP09,ACIS|FIN,Accounting Fundamentals|Auditing,30,true,true,Hosted by Beta Alpha Psi. Open to all interested students.,mock
