student_id,display_name,major_code,class_year,gpa_band,target_path_id,is_pivoting,created_at,is_synthetic
ST0001,Ethan Chen,ISE,Sophomore,<3.0,CP13,false,2026-09-03,true
ST0002,Luke Martinez,BIT,Junior,3.0-3.4,CP07,false,2026-09-02,true
ST0003,Jordan Johnson,CPE,Freshman,3.5-3.7,CP03,false,2026-08-31,true
ST0004,Grace Smith,CS,Junior,3.5-3.7,CP08,false,2026-08-28,true
ST0005,Jordan Garcia,ACIS,Sophomore,3.0-3.4,CP09,false,2026-09-09,true
ST0006,Fatima Singh,ISE,Freshman,3.8+,CP15,false,2026-09-14,true
ST0007,Leah Thomas,FIN,Senior,3.0-3.4,CP09,false,2026-08-28,true
ST0008,Mei Lee,FIN,Junior,3.8+,CP05,false,2026-08-28,true
ST0009,Emily Martinez,STAT,Senior,3.0-3.4,CP06,false,2026-08-20,true
ST0010,Maya Davis,FIN,Junior,3.0-3.4,CP07,false,2026-09-12,true
ST0011,Leah Young,COMM,Junior,3.8+,CP12,false,2026-09-14,true
ST0012,Yara Williams,CS,Sophomore,3.5-3.7,CP03,false,2026-09-14,true
ST0013,Sara Williams,CPE,Freshman,3.5-3.7,CP03,false,2026-09-13,true
ST0014,Nina Williams,ACIS,Senior,3.8+,CP04,false,2026-08-23,true
ST0015,Jason Martinez,EE,Senior,3.0-3.4,CP16,false,2026-08-20,true
ST0016,Ben Hall,BIO,Sophomore,3.8+,CP18,false,2026-08-28,true
ST0017,Marcus Young,CS,Sophomore,3.8+,CP11,false,2026-09-06,true
ST0018,Mei Lopez,MATH,Senior,3.0-3.4,CP06,false,2026-09-07,true
ST0019,Marcus Lee,FIN,Freshman,3.8+,CP04,false,2026-08-22,true
ST0020,Cole Johnson,EE,Sophomore,3.5-3.7,CP04,true,2026-08-22,true
ST0021,Andre Wilson,ACIS,Sophomore,3.0-3.4,CP09,false,2026-09-17,true
ST0022,Cole Chen,CS,Junior,<3.0,CP16,true,2026-09-09,true
ST0023,Marcus Martinez,FIN,Sophomore,3.8+,CP04,false,2026-08-26,true
ST0024,Ethan Davis,CS,Freshman,3.5-3.7,CP08,false,2026-09-17,true
ST0025,Maya Brown,FIN,Junior,3.5-3.7,CP04,false,2026-08-25,true
ST0026,Fatima Singh,FIN,Sophomore,3.5-3.7,CP09,false,2026-09-17,true
ST0027,Mei Martinez,CS,Senior,3.8+,CP02,false,2026-08-21,true
ST0028,Zoe Moore,CEE,Sophomore,3.8+,CP17,false,2026-09-03,true
ST0029,Cole Thomas,FIN,Sophomore,3.0-3.4,CP05,false,2026-09-15,true
ST0030,Leah Young,ECON,Senior,3.8+,CP19,false,2026-09-01,true
ST0031,Priya Johnson,CS,Sophomore,3.5-3.7,CP12,false,2026-09-14,true
ST0032,Caleb Davis,BME,Freshman,<3.0,CP18,false,2026-08-22,true
ST0033,Emily Kim,ACIS,Freshman,3.0-3.4,CP08,true,2026-08-21,true
ST0034,Diego Williams,COMM,Junior,3.5-3.7,CP19,false,2026-08-30,true
ST0035,Ines Thomas,CS,Junior,<3.0,CP01,false,2026-09-04,true
ST0036,Ethan Clark,ACIS,Senior,<3.0,CP02,true,2026-08-22,true
ST0037,Raj Thomas,ME,Freshman,3.5-3.7,CP15,false,2026-09-03,true
ST0038,Jordan Moore,BIT,Junior,<3.0,CP10,false,2026-09-11,true
ST0039,Yara Anderson,ME,Senior,3.0-3.4,CP02,true,2026-09-06,true
ST0040,Chloe Brown,BIO,Senior,3.0-3.4,CP18,false,2026-09-03,true
ST0041,Liam Anderson,ACIS,Junior,<3.0,CP04,false,2026-09-16,true
ST0042,Cole Williams,ME,Sophomore,<3.0,CP15,false,2026-09-06,true
ST0043,Yara Garcia,ECON,Freshman,3.8+,CP02,false,2026-08-29,true
ST0044,Sofia Wilson,ECON,Junior,<3.0,CP11,true,2026-09-04,true
ST0045,Marcus Anderson,BME,Freshman,3.8+,CP18,false,2026-09-10,true
ST0046,Kevin Anderson,CS,Junior,3.0-3.4,CP03,false,2026-08-27,true
ST0047,Marcus Davis,FIN,Sophomore,3.5-3.7,CP05,false,2026-08-30,true
ST0048,Jason Lee,MATH,Sophomore,<3.0,CP11,true,2026-08-24,true
ST0049,Raj Patel,EE,Senior,3.5-3.7,CP16,false,2026-09-16,true
ST0050,Omar Singh,MKTG,Senior,3.8+,CP14,false,2026-09-03,true
ST0051,Tyler Anderson,CS,Junior,3.8+,CP03,false,2026-08-20,true
ST0052,Priya Moore,EE,Freshman,<3.0,CP16,false,2026-09-02,true
ST0053,Omar Garcia,BIT,Junior,3.0-3.4,CP08,false,2026-09-04,true
ST0054,Ava Patel,BME,Sophomore,3.5-3.7,CP18,false,2026-09-11,true
ST0055,Tyler Young,COMM,Senior,<3.0,CP19,false,2026-08-23,true
ST0056,Chloe Anderson,ME,Junior,3.5-3.7,CP15,false,2026-09-08,true
ST0057,Diego Young,ME,Sophomore,3.0-3.4,CP11,true,2026-08-25,true
ST0058,Sara Martinez,CEE,Senior,3.5-3.7,CP02,true,2026-08-29,true
ST0059,Raj Brown,MGT,Freshman,3.8+,CP03,true,2026-08-23,true
ST0060,Sara Kim,MKTG,Senior,3.5-3.7,CP10,true,2026-08-29,true
ST0061,Nina Smith,BIO,Senior,3.0-3.4,CP18,false,2026-08-23,true
ST0062,Ryan Patel,MKTG,Senior,3.0-3.4,CP14,false,2026-08-23,true
ST0063,Fatima Singh,COMM,Junior,<3.0,CP12,false,2026-09-10,true
ST0064,Hannah Kim,MGT,Freshman,3.8+,CP07,false,2026-09-09,true
ST0065,Tyler Brown,CS,Senior,3.0-3.4,CP12,false,2026-09-11,true
ST0066,Ben Lopez,COMM,Senior,<3.0,CP03,true,2026-08-24,true
ST0067,Diego Singh,ACIS,Senior,3.5-3.7,CP04,false,2026-09-13,true
ST0068,Ethan Anderson,CS,Junior,3.0-3.4,CP16,true,2026-08-30,true
ST0069,Zoe Patel,ME,Junior,3.5-3.7,CP15,false,2026-08-28,true
ST0070,Grace Garcia,FIN,Junior,3.8+,CP11,true,2026-09-04,true
ST0071,Kevin Chen,MATH,Junior,3.8+,CP06,false,2026-08-23,true
ST0072,Sofia Patel,FIN,Sophomore,3.5-3.7,CP03,true,2026-09-10,true
ST0073,Grace Garcia,ME,Sophomore,3.5-3.7,CP15,false,2026-09-05,true
ST0074,Ines Nguyen,ID,Junior,3.8+,CP12,false,2026-08-27,true
ST0075,Luke Williams,CMDA,Freshman,3.8+,CP01,false,2026-08-27,true
ST0076,Sara Hall,BME,Freshman,3.8+,CP02,true,2026-08-20,true
ST0077,Ben Johnson,CS,Freshman,3.8+,CP01,false,2026-08-24,true
ST0078,Sara Martinez,EE,Junior,3.8+,CP16,false,2026-09-08,true
ST0079,Luke Smith,BIT,Senior,3.8+,CP08,false,2026-08-20,true
ST0080,Ines Anderson,CS,Freshman,3.8+,CP10,false,2026-08-20,true
ST0081,Mei Chen,MGT,Senior,3.5-3.7,CP14,false,2026-09-11,true
ST0082,Kevin Hall,CPE,Sophomore,3.5-3.7,CP01,false,2026-09-13,true
ST0083,Emily Smith,EE,Sophomore,3.5-3.7,CP16,false,2026-09-04,true
ST0084,Emily Brown,MGT,Senior,3.0-3.4,CP14,false,2026-08-29,true
ST0085,Maya Singh,MGT,Junior,3.0-3.4,CP11,false,2026-08-25,true
ST0086,Mei Nguyen,ME,Freshman,3.5-3.7,CP08,true,2026-08-28,true
ST0087,Omar Patel,CMDA,Freshman,<3.0,CP06,false,2026-08-25,true
ST0088,Ethan Nguyen,COMM,Junior,3.0-3.4,CP12,false,2026-09-16,true
ST0089,Liam Martinez,BIO,Sophomore,3.5-3.7,CP18,false,2026-09-17,true
ST0090,Tyler Patel,CEE,Freshman,3.8+,CP12,true,2026-08-24,true
ST0091,Mei Johnson,FIN,Senior,<3.0,CP05,false,2026-08-24,true
ST0092,Ava Lopez,CMDA,Sophomore,<3.0,CP03,false,2026-09-03,true
ST0093,Sofia Johnson,ECON,Junior,<3.0,CP07,false,2026-08-27,true
ST0094,Zoe Nguyen,BME,Senior,3.8+,CP18,false,2026-08-21,true
ST0095,Olivia Brown,COMM,Freshman,3.0-3.4,CP19,false,2026-09-13,true
ST0096,Priya Chen,ECON,Junior,3.8+,CP11,true,2026-08-22,true
ST0097,Zoe Nguyen,ISE,Junior,3.8+,CP15,false,2026-08-27,true
ST0098,Ines Davis,ME,Senior,3.5-3.7,CP15,false,2026-09-03,true
ST0099,Tyler Martinez,CS,Senior,<3.0,CP12,false,2026-09-04,true
ST0100,Ethan Smith,CS,Junior,<3.0,CP01,false,2026-08-22,true
ST0101,Aisha Williams,CS,Sophomore,<3.0,CP11,false,2026-09-03,true
ST0102,Mei Johnson,ME,Junior,3.0-3.4,CP15,false,2026-09-10,true
ST0103,Zoe Wilson,ISE,Freshman,3.8+,CP06,true,2026-08-21,true
ST0104,Sofia Garcia,CS,Senior,3.0-3.4,CP12,false,2026-09-09,true
ST0105,Aiden Chen,COMM,Junior,3.0-3.4,CP14,false,2026-09-17,true
ST0106,Chloe Nguyen,COMM,Junior,<3.0,CP19,false,2026-09-08,true
ST0107,Leah Thomas,BIO,Sophomore,<3.0,CP18,false,2026-09-03,true
ST0108,Noah Garcia,STAT,Freshman,3.8+,CP02,false,2026-09-09,true
ST0109,Luke Garcia,BIT,Junior,<3.0,CP11,false,2026-09-01,true
ST0110,Aiden Hall,COMM,Senior,3.5-3.7,CP19,false,2026-08-26,true
ST0111,Aisha Martinez,FIN,Senior,3.0-3.4,CP05,false,2026-08-31,true
ST0112,Andre Brown,EE,Sophomore,3.5-3.7,CP16,false,2026-08-24,true
ST0113,Kevin Singh,ISE,Junior,3.0-3.4,CP04,true,2026-09-06,true
ST0114,Jordan Patel,BME,Senior,3.5-3.7,CP18,false,2026-09-09,true
ST0115,Aiden Moore,CEE,Junior,3.8+,CP17,false,2026-09-01,true
ST0116,Andre Brown,EE,Freshman,<3.0,CP16,false,2026-09-19,true
ST0117,Cole Smith,FIN,Senior,3.8+,CP08,true,2026-09-02,true
ST0118,Priya Moore,BME,Sophomore,3.0-3.4,CP18,false,2026-09-17,true
ST0119,Yara Nguyen,CPE,Senior,<3.0,CP03,false,2026-09-03,true
ST0120,Omar Garcia,BIO,Sophomore,3.5-3.7,CP18,false,2026-08-26,true
ST0121,Fatima Nguyen,ISE,Junior,3.8+,CP07,false,2026-09-08,true
ST0122,Maya Martinez,CS,Freshman,<3.0,CP12,false,2026-09-07,true
ST0123,Ava Davis,FIN,Freshman,3.8+,CP08,true,2026-09-16,true
ST0124,Yara Clark,EE,Junior,3.5-3.7,CP16,false,2026-09-12,true
ST0125,Fatima Young,BIT,Junior,<3.0,CP03,true,2026-09-10,true
ST0126,Aisha Young,COMM,Sophomore,3.5-3.7,CP14,false,2026-08-29,true
ST0127,Hannah Wilson,STAT,Junior,<3.0,CP02,false,2026-08-30,true
ST0128,Aisha Williams,CEE,Sophomore,3.5-3.7,CP17,false,2026-09-01,true
ST0129,Luke Nguyen,ACIS,Senior,<3.0,CP04,false,2026-08-22,true
ST0130,Raj Thomas,ACIS,Freshman,3.0-3.4,CP09,false,2026-08-23,true
ST0131,Mei Anderson,ME,Sophomore,3.5-3.7,CP04,true,2026-08-26,true
ST0132,Jordan Kim,ME,Senior,3.0-3.4,CP15,false,2026-08-22,true
ST0133,Ava Clark,ME,Senior,<3.0,CP15,false,2026-08-30,true
ST0134,Ryan Jackson,MATH,Junior,<3.0,CP07,true,2026-08-27,true
ST0135,Emily Johnson,CS,Junior,3.5-3.7,CP01,false,2026-09-01,true
ST0136,Yara Singh,STAT,Freshman,<3.0,CP06,false,2026-09-13,true
ST0137,Omar Clark,CS,Sophomore,3.8+,CP02,false,2026-09-17,true
ST0138,Ryan Davis,CPE,Senior,<3.0,CP16,false,2026-08-23,true
ST0139,Marcus Wilson,CMDA,Sophomore,3.8+,CP03,false,2026-08-27,true
ST0140,Sara Davis,ECON,Sophomore,3.0-3.4,CP12,true,2026-09-07,true
ST0141,Noah Hall,BME,Senior,<3.0,CP03,true,2026-08-30,true
ST0142,Leah Williams,COMM,Senior,3.8+,CP14,false,2026-08-31,true
ST0143,Omar Smith,BIT,Senior,3.5-3.7,CP08,false,2026-08-25,true
ST0144,Caleb Martinez,CMDA,Freshman,3.8+,CP03,false,2026-09-02,true
ST0145,Aiden Wilson,ME,Junior,3.0-3.4,CP15,false,2026-09-11,true
ST0146,Fatima Smith,FIN,Junior,3.0-3.4,CP12,true,2026-08-23,true
ST0147,Tyler Hall,BME,Junior,3.0-3.4,CP18,false,2026-08-28,true
ST0148,Luke Garcia,BME,Freshman,3.0-3.4,CP11,true,2026-08-29,true
ST0149,Ryan Williams,CS,Sophomore,3.5-3.7,CP03,false,2026-08-20,true
ST0150,Noah Johnson,CPE,Senior,3.0-3.4,CP16,false,2026-09-18,true
ST0151,Maya Anderson,PSCI,Senior,<3.0,CP19,false,2026-09-16,true
ST0152,Diego Singh,FIN,Sophomore,<3.0,CP05,false,2026-09-03,true
ST0153,Aiden Smith,BIT,Senior,3.5-3.7,CP02,true,2026-09-19,true
ST0154,Hannah Chen,ECON,Sophomore,3.5-3.7,CP02,false,2026-09-02,true
ST0155,Ava Martinez,FIN,Sophomore,3.0-3.4,CP04,false,2026-09-09,true
ST0156,Andre Smith,BME,Sophomore,3.5-3.7,CP18,false,2026-09-13,true
ST0157,Emily Lee,FIN,Senior,3.0-3.4,CP04,false,2026-09-02,true
ST0158,Aiden Smith,CS,Junior,3.8+,CP06,false,2026-08-25,true
ST0159,Andre Martinez,BIT,Freshman,3.8+,CP13,false,2026-08-22,true
ST0160,Ben Smith,ME,Junior,3.5-3.7,CP15,false,2026-09-14,true
ST0161,Ethan Lopez,MATH,Junior,3.0-3.4,CP05,false,2026-09-06,true
ST0162,Emily Chen,ME,Junior,<3.0,CP15,false,2026-09-15,true
ST0163,Cole Thomas,FIN,Freshman,3.0-3.4,CP09,false,2026-08-29,true
ST0164,Caleb Young,EE,Junior,<3.0,CP04,true,2026-08-30,true
ST0165,Mei Garcia,ISE,Senior,<3.0,CP04,true,2026-09-15,true
ST0166,Maya Anderson,CEE,Sophomore,<3.0,CP17,false,2026-09-13,true
ST0167,Grace Nguyen,BIT,Junior,3.5-3.7,CP10,false,2026-09-05,true
ST0168,Jason Thomas,BIO,Sophomore,<3.0,CP04,true,2026-09-07,true
ST0169,Ethan Brown,CPE,Junior,3.8+,CP03,false,2026-08-22,true
ST0170,Mei Williams,CS,Junior,<3.0,CP08,false,2026-09-01,true
ST0171,Luke Hall,ME,Senior,3.5-3.7,CP07,true,2026-08-29,true
ST0172,Noah Brown,CEE,Sophomore,3.8+,CP17,false,2026-09-10,true
ST0173,Diego Davis,FIN,Junior,3.8+,CP04,false,2026-09-13,true
ST0174,Aisha Johnson,BIT,Sophomore,3.0-3.4,CP04,true,2026-09-09,true
ST0175,Liam Lopez,FIN,Junior,3.0-3.4,CP08,true,2026-09-12,true
ST0176,Emily Jackson,MKTG,Senior,3.0-3.4,CP14,false,2026-09-02,true
ST0177,Tyler Singh,CEE,Freshman,<3.0,CP17,false,2026-08-22,true
ST0178,Priya Lopez,ACIS,Senior,3.8+,CP06,true,2026-09-11,true
ST0179,Yara Smith,ECON,Freshman,3.0-3.4,CP02,false,2026-08-21,true
ST0180,Leah Davis,MKTG,Sophomore,3.8+,CP01,true,2026-09-04,true
ST0181,Diego Davis,ME,Sophomore,3.8+,CP15,false,2026-09-04,true
ST0182,Diego Lopez,FIN,Senior,3.0-3.4,CP04,false,2026-09-14,true
ST0183,Aisha Singh,BME,Junior,<3.0,CP18,false,2026-09-14,true
ST0184,Fatima Thomas,COMM,Freshman,3.8+,CP19,false,2026-09-14,true
ST0185,Priya Wilson,BIT,Junior,3.8+,CP13,false,2026-08-28,true
ST0186,Olivia Wilson,CPE,Senior,3.0-3.4,CP11,true,2026-08-23,true
ST0187,Jason Young,BIT,Freshman,<3.0,CP07,false,2026-09-03,true
ST0188,Cole Chen,CS,Senior,3.5-3.7,CP10,false,2026-08-27,true
ST0189,Maya Davis,COMM,Sophomore,3.8+,CP14,false,2026-09-03,true
ST0190,Caleb Kim,CMDA,Sophomore,3.5-3.7,CP02,false,2026-09-03,true
ST0191,Jordan Lee,ME,Senior,3.5-3.7,CP15,false,2026-09-09,true
ST0192,Olivia Williams,BIO,Sophomore,3.8+,CP18,false,2026-09-13,true
ST0193,Fatima Patel,BIT,Freshman,3.8+,CP13,false,2026-09-08,true
ST0194,Omar Thomas,BIO,Junior,3.5-3.7,CP18,false,2026-09-09,true
ST0195,Emily Lopez,ME,Sophomore,3.0-3.4,CP15,false,2026-08-20,true
ST0196,Mei Johnson,FIN,Senior,<3.0,CP04,false,2026-08-30,true
ST0197,Nina Kim,BME,Sophomore,3.0-3.4,CP18,false,2026-09-14,true
ST0198,Ben Moore,STAT,Senior,3.8+,CP02,false,2026-09-05,true
ST0199,Leah Brown,ECON,Sophomore,3.8+,CP11,true,2026-08-21,true
ST0200,Jason Wilson,ME,Junior,<3.0,CP15,false,2026-09-10,true
ST0201,Yara Clark,ECON,Sophomore,<3.0,CP19,false,2026-08-23,true
ST0202,Noah Moore,ME,Senior,<3.0,CP15,false,2026-08-23,true
ST0203,Andre Williams,CS,Freshman,3.0-3.4,CP08,false,2026-09-17,true
ST0204,Chloe Moore,ISE,Senior,3.8+,CP12,true,2026-08-31,true
ST0205,Aiden Smith,FIN,Freshman,3.5-3.7,CP05,false,2026-09-16,true
ST0206,Ben Hall,CS,Sophomore,3.8+,CP01,false,2026-08-20,true
ST0207,Andre Williams,CS,Junior,3.0-3.4,CP11,false,2026-09-01,true
ST0208,Kevin Davis,BIT,Freshman,<3.0,CP11,false,2026-09-02,true
ST0209,Luke Moore,CMDA,Freshman,3.0-3.4,CP02,false,2026-09-07,true
ST0210,Raj Nguyen,PSCI,Sophomore,3.8+,CP19,false,2026-08-29,true
ST0211,Luke Kim,CMDA,Sophomore,<3.0,CP08,false,2026-08-25,true
ST0212,Chloe Hall,ME,Junior,3.5-3.7,CP15,false,2026-09-01,true
ST0213,Andre Wilson,BME,Junior,3.8+,CP02,true,2026-09-15,true
ST0214,Yara Martinez,CS,Sophomore,3.8+,CP06,false,2026-09-03,true
ST0215,Tyler Thomas,ACIS,Sophomore,<3.0,CP09,false,2026-09-03,true
ST0216,Fatima Williams,BIT,Junior,3.0-3.4,CP11,false,2026-09-19,true
ST0217,Sara Martinez,BME,Junior,<3.0,CP18,false,2026-09-15,true
ST0218,Sofia Wilson,CEE,Senior,3.5-3.7,CP17,false,2026-09-02,true
ST0219,Ben Garcia,BIT,Senior,<3.0,CP10,false,2026-09-02,true
ST0220,Kevin Moore,EE,Senior,<3.0,CP16,false,2026-09-06,true
ST0221,Ryan Smith,CMDA,Senior,<3.0,CP01,false,2026-08-21,true
ST0222,Luke Wilson,EE,Freshman,3.8+,CP03,true,2026-09-13,true
ST0223,Hannah Smith,ME,Senior,<3.0,CP15,false,2026-09-02,true
ST0224,Leah Jackson,CEE,Freshman,<3.0,CP08,true,2026-09-12,true
ST0225,Ben Jackson,CPE,Freshman,3.5-3.7,CP01,false,2026-09-09,true
ST0226,Nina Hall,ME,Sophomore,3.5-3.7,CP08,true,2026-08-23,true
ST0227,Hannah Hall,ME,Junior,<3.0,CP15,false,2026-08-20,true
ST0228,Ben Davis,FIN,Junior,3.5-3.7,CP07,false,2026-08-23,true
ST0229,Emily Anderson,FIN,Senior,<3.0,CP09,false,2026-08-25,true
ST0230,Noah Singh,MATH,Senior,3.8+,CP04,true,2026-08-22,true
ST0231,Chloe Hall,MGT,Sophomore,<3.0,CP08,true,2026-08-23,true
ST0232,Jason Davis,CPE,Freshman,3.0-3.4,CP16,false,2026-09-04,true
ST0233,Sofia Young,FIN,Senior,3.8+,CP05,false,2026-08-23,true
ST0234,Maya Moore,CS,Junior,3.0-3.4,CP03,false,2026-09-12,true
ST0235,Marcus Thomas,FIN,Freshman,3.0-3.4,CP07,false,2026-09-04,true
ST0236,Zoe Patel,MKTG,Freshman,3.8+,CP14,false,2026-09-03,true
ST0237,Olivia Jackson,BIO,Junior,3.0-3.4,CP18,false,2026-08-30,true
ST0238,Jordan Singh,MKTG,Senior,3.0-3.4,CP03,true,2026-08-30,true
ST0239,Tyler Moore,EE,Freshman,3.5-3.7,CP16,false,2026-09-06,true
ST0240,Tyler Patel,ISE,Senior,3.0-3.4,CP15,false,2026-09-02,true
ST0241,Sara Hall,MKTG,Senior,3.0-3.4,CP14,false,2026-09-13,true
ST0242,Omar Johnson,MKTG,Sophomore,3.0-3.4,CP05,true,2026-09-08,true
ST0243,Kevin Kim,STAT,Junior,3.0-3.4,CP06,false,2026-08-22,true
ST0244,Omar Johnson,COMM,Freshman,<3.0,CP12,false,2026-08-28,true
ST0245,Emily Williams,MKTG,Sophomore,<3.0,CP11,true,2026-08-30,true
ST0246,Zoe Davis,ACIS,Sophomore,3.5-3.7,CP04,false,2026-09-09,true
ST0247,Grace Singh,ISE,Senior,3.5-3.7,CP08,false,2026-08-22,true
ST0248,Liam Lopez,FIN,Senior,3.0-3.4,CP04,false,2026-09-04,true
ST0249,Sofia Brown,CPE,Junior,3.5-3.7,CP11,true,2026-09-16,true
ST0250,Fatima Singh,CS,Junior,<3.0,CP04,true,2026-09-03,true
ST0251,Diego Clark,ACIS,Freshman,3.5-3.7,CP09,false,2026-09-17,true
ST0252,Chloe Thomas,CPE,Sophomore,<3.0,CP07,true,2026-09-18,true
ST0253,Omar Wilson,MGT,Freshman,3.8+,CP07,false,2026-09-11,true
ST0254,Kevin Clark,CPE,Freshman,3.0-3.4,CP03,false,2026-08-22,true
ST0255,Grace Wilson,BIO,Freshman,3.5-3.7,CP18,false,2026-08-24,true
ST0256,Luke Jackson,CPE,Sophomore,3.0-3.4,CP08,true,2026-09-02,true
ST0257,Andre Brown,ECON,Senior,<3.0,CP04,false,2026-09-06,true
ST0258,Tyler Clark,BME,Senior,3.0-3.4,CP18,false,2026-09-06,true
ST0259,Caleb Smith,MGT,Junior,3.8+,CP14,false,2026-09-16,true
ST0260,Aiden Smith,CS,Freshman,<3.0,CP08,false,2026-08-24,true
ST0261,Raj Davis,BIT,Freshman,<3.0,CP08,false,2026-09-19,true
ST0262,Diego Anderson,FIN,Sophomore,3.0-3.4,CP04,false,2026-08-27,true
ST0263,Emily Lopez,COMM,Junior,<3.0,CP12,false,2026-08-22,true
ST0264,Grace Young,CMDA,Junior,3.0-3.4,CP08,false,2026-08-26,true
ST0265,Noah Anderson,ACIS,Junior,3.8+,CP09,false,2026-09-02,true
ST0266,Leah Young,FIN,Senior,3.5-3.7,CP01,true,2026-09-19,true
ST0267,Aiden Smith,ECON,Senior,<3.0,CP04,false,2026-09-16,true
ST0268,Sofia Chen,ECON,Sophomore,<3.0,CP05,false,2026-09-10,true
ST0269,Caleb Johnson,ME,Junior,3.0-3.4,CP15,false,2026-09-14,true
ST0270,Ava Johnson,FIN,Junior,<3.0,CP05,false,2026-09-12,true
ST0271,Nina Patel,MKTG,Freshman,3.5-3.7,CP14,false,2026-08-20,true
ST0272,Ines Martinez,CEE,Sophomore,3.5-3.7,CP17,false,2026-08-27,true
ST0273,Ines Lee,CMDA,Sophomore,<3.0,CP01,false,2026-08-28,true
ST0274,Diego Garcia,BME,Sophomore,<3.0,CP18,false,2026-08-27,true
ST0275,Emily Hall,CS,Senior,3.5-3.7,CP02,false,2026-09-14,true
ST0276,Jason Brown,CS,Sophomore,<3.0,CP02,false,2026-09-17,true
ST0277,Andre Martinez,ACIS,Sophomore,3.0-3.4,CP02,true,2026-09-14,true
ST0278,Omar Singh,CS,Sophomore,3.8+,CP10,false,2026-09-02,true
ST0279,Kevin Hall,FIN,Senior,3.0-3.4,CP01,true,2026-09-06,true
ST0280,Aisha Johnson,FIN,Junior,<3.0,CP05,false,2026-08-25,true
ST0281,Fatima Jackson,FIN,Senior,3.0-3.4,CP04,false,2026-08-28,true
ST0282,Mei Thomas,EE,Sophomore,3.8+,CP16,false,2026-09-04,true
ST0283,Caleb Anderson,FIN,Junior,3.0-3.4,CP05,false,2026-09-01,true
ST0284,Nina Martinez,CS,Junior,3.8+,CP03,false,2026-09-07,true
ST0285,Hannah Smith,BIO,Junior,3.5-3.7,CP18,false,2026-08-26,true
ST0286,Luke Moore,MKTG,Junior,3.5-3.7,CP14,false,2026-09-14,true
ST0287,Kevin Hall,EE,Junior,<3.0,CP08,true,2026-08-31,true
ST0288,Ava Chen,CPE,Junior,<3.0,CP18,true,2026-09-08,true
ST0289,Raj Young,ISE,Freshman,3.8+,CP13,false,2026-09-05,true
ST0290,Ben Brown,CMDA,Sophomore,<3.0,CP02,false,2026-08-25,true
ST0291,Aiden Young,CS,Junior,3.5-3.7,CP08,false,2026-08-28,true
ST0292,Maya Martinez,BIO,Senior,3.0-3.4,CP08,true,2026-08-23,true
ST0293,Hannah Davis,CMDA,Senior,<3.0,CP03,false,2026-09-11,true
ST0294,Sara Johnson,FIN,Senior,3.8+,CP09,false,2026-08-29,true
ST0295,Grace Brown,MGT,Junior,3.0-3.4,CP07,false,2026-08-20,true
ST0296,Leah Clark,CS,Sophomore,3.0-3.4,CP01,false,2026-09-05,true
ST0297,Marcus Young,CMDA,Junior,3.0-3.4,CP08,false,2026-09-18,true
ST0298,Omar Williams,MKTG,Senior,3.0-3.4,CP12,true,2026-08-23,true
ST0299,Mei Anderson,FIN,Freshman,3.5-3.7,CP07,false,2026-08-26,true
ST0300,Sofia Chen,ME,Junior,3.8+,CP15,false,2026-08-28,true
ST0301,Noah Brown,ME,Sophomore,3.0-3.4,CP15,false,2026-08-26,true
ST0302,Marcus Martinez,MGT,Senior,<3.0,CP11,false,2026-08-20,true
ST0303,Grace Nguyen,MKTG,Sophomore,<3.0,CP14,false,2026-09-16,true
ST0304,Diego Lee,ISE,Freshman,3.0-3.4,CP11,true,2026-08-20,true
ST0305,Sara Moore,MGT,Sophomore,<3.0,CP13,false,2026-08-31,true
ST0306,Ava Chen,MGT,Freshman,3.8+,CP14,false,2026-08-28,true
ST0307,Diego Kim,CS,Senior,3.0-3.4,CP11,false,2026-09-06,true
ST0308,Tyler Brown,CPE,Sophomore,3.0-3.4,CP04,true,2026-08-22,true
ST0309,Jason Nguyen,ISE,Sophomore,3.8+,CP15,false,2026-09-02,true
ST0310,Diego Brown,ID,Sophomore,3.0-3.4,CP02,true,2026-09-08,true
ST0311,Cole Thomas,ECON,Freshman,3.0-3.4,CP02,false,2026-09-18,true
ST0312,Raj Williams,PSCI,Junior,3.0-3.4,CP08,true,2026-09-06,true
ST0313,Caleb Davis,CS,Sophomore,<3.0,CP10,false,2026-09-03,true
ST0314,Priya Smith,ID,Sophomore,<3.0,CP12,false,2026-09-03,true
ST0315,Luke Clark,ECON,Senior,<3.0,CP02,false,2026-09-13,true
ST0316,Sara Lopez,MGT,Sophomore,3.8+,CP07,false,2026-09-02,true
ST0317,Mei Garcia,EE,Senior,<3.0,CP16,false,2026-08-20,true
ST0318,Priya Patel,CS,Freshman,3.0-3.4,CP08,false,2026-09-09,true
ST0319,Grace Hall,ECON,Freshman,3.8+,CP04,false,2026-09-17,true
ST0320,Andre Martinez,ACIS,Junior,3.8+,CP09,false,2026-08-24,true
ST0321,Andre Chen,FIN,Senior,3.8+,CP05,false,2026-09-14,true
ST0322,Aisha Patel,MKTG,Senior,3.5-3.7,CP14,false,2026-08-22,true
ST0323,Ines Anderson,FIN,Sophomore,3.0-3.4,CP09,false,2026-09-06,true
ST0324,Cole Chen,CPE,Junior,3.0-3.4,CP03,false,2026-09-15,true
ST0325,Ines Singh,COMM,Sophomore,3.0-3.4,CP14,false,2026-08-31,true
ST0326,Omar Wilson,ID,Junior,<3.0,CP12,false,2026-08-27,true
ST0327,Maya Hall,MGT,Freshman,3.0-3.4,CP11,false,2026-08-31,true
ST0328,Diego Johnson,BIT,Freshman,3.0-3.4,CP06,true,2026-09-15,true
ST0329,Mei Chen,CS,Senior,3.8+,CP06,false,2026-09-09,true
ST0330,Diego Singh,BIT,Freshman,3.0-3.4,CP08,false,2026-09-14,true
ST0331,Ethan Williams,CS,Sophomore,<3.0,CP03,false,2026-09-09,true
ST0332,Priya Davis,CEE,Senior,3.0-3.4,CP14,true,2026-09-13,true
ST0333,Yara Anderson,MKTG,Senior,3.5-3.7,CP14,false,2026-09-16,true
ST0334,Olivia Nguyen,ECON,Sophomore,3.5-3.7,CP07,false,2026-08-26,true
ST0335,Grace Chen,ISE,Senior,<3.0,CP13,false,2026-09-19,true
ST0336,Nina Singh,CMDA,Senior,<3.0,CP01,false,2026-08-27,true
ST0337,Tyler Johnson,EE,Junior,3.5-3.7,CP16,false,2026-09-07,true
ST0338,Andre Martinez,BME,Sophomore,<3.0,CP03,true,2026-08-22,true
ST0339,Maya Anderson,CS,Junior,3.0-3.4,CP08,false,2026-09-08,true
ST0340,Mei Chen,CS,Senior,3.8+,CP01,false,2026-08-24,true
ST0341,Emily Lopez,ME,Freshman,3.5-3.7,CP15,false,2026-08-28,true
ST0342,Diego Thomas,BIO,Junior,3.8+,CP18,false,2026-09-02,true
ST0343,Luke Singh,FIN,Senior,3.8+,CP07,false,2026-08-31,true
ST0344,Emily Lopez,COMM,Junior,<3.0,CP11,true,2026-09-03,true
ST0345,Leah Williams,MKTG,Senior,3.8+,CP14,false,2026-09-16,true
ST0346,Luke Chen,FIN,Senior,<3.0,CP03,true,2026-08-20,true
ST0347,Yara Clark,EE,Freshman,3.8+,CP16,false,2026-08-22,true
ST0348,Aisha Chen,CMDA,Senior,3.8+,CP03,false,2026-09-09,true
ST0349,Ben Davis,CPE,Senior,3.8+,CP04,true,2026-09-09,true
ST0350,Diego Kim,CS,Junior,3.0-3.4,CP10,false,2026-09-08,true
ST0351,Zoe Davis,ECON,Sophomore,3.8+,CP04,false,2026-09-08,true
ST0352,Leah Johnson,CMDA,Freshman,3.0-3.4,CP01,false,2026-09-03,true
ST0353,Cole Patel,MGT,Sophomore,3.0-3.4,CP13,false,2026-08-22,true
ST0354,Liam Johnson,CMDA,Junior,3.0-3.4,CP11,true,2026-09-07,true
ST0355,Raj Lee,CS,Sophomore,<3.0,CP02,false,2026-09-16,true
ST0356,Priya Garcia,COMM,Sophomore,<3.0,CP12,false,2026-09-18,true
ST0357,Hannah Nguyen,BIT,Freshman,3.8+,CP08,false,2026-09-11,true
ST0358,Zoe Smith,STAT,Senior,3.0-3.4,CP03,true,2026-09-01,true
ST0359,Omar Moore,ME,Junior,3.0-3.4,CP17,true,2026-09-11,true
ST0360,Raj Patel,STAT,Junior,3.5-3.7,CP17,true,2026-09-16,true
ST0361,Jordan Jackson,EE,Junior,3.0-3.4,CP16,false,2026-08-25,true
ST0362,Maya Hall,ME,Sophomore,3.5-3.7,CP08,true,2026-09-14,true
ST0363,Hannah Chen,ME,Senior,3.8+,CP15,false,2026-08-21,true
ST0364,Ava Martinez,MATH,Senior,3.5-3.7,CP11,true,2026-09-02,true
ST0365,Sofia Brown,ECON,Junior,3.5-3.7,CP05,false,2026-09-11,true
ST0366,Omar Garcia,EE,Junior,<3.0,CP16,false,2026-09-09,true
ST0367,Ines Moore,CEE,Junior,3.5-3.7,CP17,false,2026-09-05,true
ST0368,Jordan Singh,BIO,Senior,<3.0,CP08,true,2026-09-14,true
ST0369,Diego Singh,CPE,Sophomore,3.5-3.7,CP01,false,2026-09-10,true
ST0370,Chloe Williams,BME,Senior,3.5-3.7,CP18,false,2026-09-17,true
ST0371,Raj Martinez,FIN,Junior,3.0-3.4,CP07,false,2026-08-24,true
ST0372,Maya Chen,BME,Sophomore,3.5-3.7,CP18,false,2026-09-02,true
ST0373,Sara Lopez,ME,Senior,3.5-3.7,CP15,false,2026-09-12,true
ST0374,Maya Chen,FIN,Junior,<3.0,CP09,false,2026-09-18,true
ST0375,Liam Nguyen,ME,Sophomore,3.8+,CP15,false,2026-08-22,true
ST0376,Fatima Davis,ME,Junior,3.8+,CP04,true,2026-09-04,true
ST0377,Ben Kim,CS,Senior,<3.0,CP06,false,2026-08-31,true
ST0378,Luke Johnson,MKTG,Junior,3.5-3.7,CP12,true,2026-09-14,true
ST0379,Emily Clark,FIN,Freshman,3.8+,CP11,true,2026-09-16,true
ST0380,Ben Smith,CS,Freshman,<3.0,CP10,false,2026-08-28,true
ST0381,Jordan Patel,COMM,Senior,<3.0,CP12,false,2026-09-09,true
ST0382,Diego Brown,ME,Junior,3.0-3.4,CP15,false,2026-09-10,true
ST0383,Tyler Singh,ID,Junior,3.5-3.7,CP12,false,2026-08-30,true
ST0384,Raj Thomas,MGT,Senior,3.8+,CP13,false,2026-09-01,true
ST0385,Kevin Singh,CMDA,Freshman,3.5-3.7,CP11,true,2026-09-07,true
ST0386,Sofia Davis,CS,Senior,3.5-3.7,CP12,false,2026-08-21,true
ST0387,Chloe Kim,ACIS,Junior,3.5-3.7,CP04,false,2026-08-27,true
ST0388,Caleb Nguyen,ECON,Senior,3.0-3.4,CP19,false,2026-09-05,true
ST0389,Olivia Martinez,CMDA,Freshman,3.0-3.4,CP02,false,2026-09-04,true
ST0390,Mei Kim,CS,Junior,3.0-3.4,CP03,false,2026-09-08,true
ST0391,Zoe Martinez,FIN,Freshman,3.5-3.7,CP05,false,2026-09-18,true
ST0392,Jordan Garcia,MATH,Junior,<3.0,CP05,false,2026-09-04,true
ST0393,Jordan Johnson,CPE,Sophomore,<3.0,CP01,false,2026-09-05,true
ST0394,Priya Young,ID,Junior,3.8+,CP12,false,2026-08-20,true
ST0395,Kevin Martinez,ME,Freshman,3.0-3.4,CP15,false,2026-09-17,true
ST0396,Ryan Garcia,CS,Freshman,3.8+,CP12,false,2026-09-10,true
ST0397,Caleb Martinez,ME,Senior,<3.0,CP15,false,2026-09-09,true
ST0398,Ava Smith,BIT,Freshman,3.5-3.7,CP13,false,2026-08-26,true
ST0399,Liam Lopez,EE,Sophomore,3.5-3.7,CP03,true,2026-08-29,true
ST0400,Raj Davis,FIN,Freshman,3.8+,CP05,false,2026-09-09,true
ST0401,Omar Johnson,ME,Freshman,3.5-3.7,CP15,false,2026-09-14,true
ST0402,Luke Moore,ISE,Freshman,3.8+,CP07,false,2026-08-27,true
ST0403,Fatima Lee,ACIS,Senior,3.5-3.7,CP09,false,2026-08-30,true
ST0404,Maya Nguyen,CMDA,Senior,3.0-3.4,CP08,false,2026-09-02,true
ST0405,Fatima Smith,PSCI,Sophomore,3.0-3.4,CP11,true,2026-08-21,true
ST0406,Nina Singh,CS,Sophomore,3.0-3.4,CP02,false,2026-08-21,true
ST0407,Andre Moore,CEE,Junior,3.8+,CP03,true,2026-09-07,true
ST0408,Diego Lopez,CPE,Freshman,3.8+,CP10,false,2026-09-15,true
ST0409,Aisha Wilson,CPE,Junior,3.5-3.7,CP03,false,2026-08-26,true
ST0410,Emily Williams,CEE,Junior,<3.0,CP17,false,2026-09-17,true
ST0411,Noah Thomas,FIN,Freshman,3.5-3.7,CP09,false,2026-08-20,true
ST0412,Andre Patel,ACIS,Junior,3.0-3.4,CP07,true,2026-08-26,true
ST0413,Liam Smith,BME,Senior,3.0-3.4,CP18,false,2026-08-24,true
ST0414,Andre Nguyen,ISE,Senior,3.8+,CP15,false,2026-09-03,true
ST0415,Leah Singh,ID,Sophomore,3.5-3.7,CP11,false,2026-09-03,true
ST0416,Aiden Singh,ECON,Sophomore,3.5-3.7,CP05,false,2026-09-01,true
ST0417,Priya Wilson,ID,Senior,3.0-3.4,CP12,false,2026-09-05,true
ST0418,Noah Singh,CS,Junior,3.0-3.4,CP08,false,2026-09-13,true
ST0419,Jordan Smith,ID,Senior,<3.0,CP12,false,2026-09-09,true
ST0420,Nina Thomas,CMDA,Freshman,3.8+,CP06,false,2026-09-03,true
ST0421,Luke Nguyen,ISE,Freshman,<3.0,CP07,false,2026-09-10,true
ST0422,Tyler Martinez,FIN,Sophomore,<3.0,CP09,false,2026-08-30,true
ST0423,Sofia Hall,ISE,Junior,3.0-3.4,CP07,false,2026-09-07,true
ST0424,Ryan Jackson,CMDA,Senior,<3.0,CP06,false,2026-09-11,true
ST0425,Tyler Brown,MGT,Freshman,<3.0,CP11,false,2026-08-25,true
ST0426,Ethan Clark,ISE,Sophomore,3.5-3.7,CP12,true,2026-09-06,true
ST0427,Diego Wilson,BIO,Junior,3.0-3.4,CP18,false,2026-08-20,true
ST0428,Luke Martinez,CMDA,Sophomore,3.5-3.7,CP02,false,2026-09-02,true
ST0429,Noah Davis,ME,Freshman,3.8+,CP15,false,2026-08-27,true
ST0430,Olivia Brown,CS,Sophomore,<3.0,CP03,false,2026-09-12,true
ST0431,Aisha Martinez,FIN,Senior,3.5-3.7,CP04,false,2026-09-19,true
ST0432,Jason Clark,STAT,Senior,3.8+,CP08,true,2026-08-27,true
ST0433,Jordan Kim,ISE,Junior,3.0-3.4,CP08,false,2026-09-16,true
ST0434,Nina Thomas,FIN,Sophomore,3.8+,CP05,false,2026-08-30,true
ST0435,Leah Anderson,BIT,Sophomore,3.8+,CP07,false,2026-09-04,true
ST0436,Maya Davis,PSCI,Junior,3.8+,CP19,false,2026-09-08,true
ST0437,Jordan Williams,CPE,Junior,3.8+,CP02,true,2026-09-19,true
ST0438,Emily Singh,FIN,Junior,3.5-3.7,CP05,false,2026-09-07,true
ST0439,Aisha Hall,CEE,Freshman,3.8+,CP17,false,2026-09-18,true
ST0440,Mei Chen,CPE,Sophomore,3.0-3.4,CP01,false,2026-08-27,true
ST0441,Aiden Davis,ISE,Sophomore,3.5-3.7,CP07,false,2026-08-22,true
ST0442,Nina Hall,BIO,Senior,3.5-3.7,CP18,false,2026-08-31,true
ST0443,Liam Kim,CEE,Freshman,<3.0,CP09,true,2026-09-09,true
ST0444,Maya Wilson,MGT,Sophomore,3.5-3.7,CP08,true,2026-09-02,true
ST0445,Ryan Lopez,ME,Senior,<3.0,CP15,false,2026-09-05,true
ST0446,Ethan Thomas,CEE,Freshman,3.5-3.7,CP17,false,2026-09-13,true
ST0447,Sara Lopez,CS,Sophomore,3.0-3.4,CP03,false,2026-09-07,true
ST0448,Liam Anderson,ISE,Junior,3.8+,CP13,false,2026-08-23,true
ST0449,Olivia Nguyen,ECON,Sophomore,3.5-3.7,CP07,false,2026-08-29,true
ST0450,Omar Lee,MATH,Freshman,3.8+,CP01,false,2026-09-03,true
ST0451,Leah Jackson,CEE,Junior,<3.0,CP04,true,2026-09-03,true
ST0452,Priya Williams,ECON,Senior,3.8+,CP02,false,2026-09-18,true
ST0453,Chloe Smith,ACIS,Sophomore,<3.0,CP09,false,2026-09-17,true
ST0454,Maya Brown,BME,Junior,<3.0,CP08,true,2026-09-19,true
ST0455,Mei Smith,COMM,Sophomore,<3.0,CP14,false,2026-09-16,true
ST0456,Raj Young,CS,Senior,3.8+,CP02,false,2026-09-11,true
ST0457,Luke Garcia,MKTG,Senior,<3.0,CP14,false,2026-09-15,true
ST0458,Raj Williams,CPE,Sophomore,<3.0,CP03,false,2026-08-29,true
ST0459,Ryan Singh,ACIS,Senior,3.0-3.4,CP09,false,2026-09-14,true
ST0460,Fatima Kim,CPE,Sophomore,3.0-3.4,CP16,false,2026-08-30,true
ST0461,Marcus Thomas,CEE,Sophomore,3.5-3.7,CP17,false,2026-09-10,true
ST0462,Jason Martinez,BIO,Senior,3.0-3.4,CP18,false,2026-09-11,true
ST0463,Ava Nguyen,FIN,Sophomore,3.5-3.7,CP07,false,2026-09-17,true
ST0464,Leah Kim,ME,Senior,3.5-3.7,CP11,true,2026-09-02,true
ST0465,Diego Jackson,CS,Junior,<3.0,CP12,false,2026-08-25,true
ST0466,Olivia Davis,BIO,Junior,3.0-3.4,CP18,false,2026-09-03,true
ST0467,Sofia Hall,MGT,Freshman,3.0-3.4,CP03,true,2026-09-15,true
ST0468,Sara Garcia,CS,Junior,3.0-3.4,CP12,false,2026-09-19,true
ST0469,Zoe Lee,CS,Senior,<3.0,CP12,false,2026-09-12,true
ST0470,Andre Young,FIN,Sophomore,3.0-3.4,CP04,false,2026-08-30,true
ST0471,Jordan Kim,CS,Senior,3.8+,CP10,false,2026-08-30,true
ST0472,Priya Williams,CMDA,Sophomore,<3.0,CP03,false,2026-09-15,true
ST0473,Priya Brown,CS,Junior,3.8+,CP01,false,2026-08-28,true
ST0474,Sofia Jackson,COMM,Freshman,3.0-3.4,CP19,false,2026-08-26,true
ST0475,Diego Martinez,BME,Junior,3.0-3.4,CP18,false,2026-09-13,true
ST0476,Hannah Young,FIN,Freshman,3.0-3.4,CP05,false,2026-09-08,true
ST0477,Ava Garcia,FIN,Senior,3.0-3.4,CP05,false,2026-09-18,true
ST0478,Ava Moore,FIN,Freshman,3.8+,CP05,false,2026-08-23,true
ST0479,Jason Jackson,ME,Freshman,<3.0,CP15,false,2026-08-23,true
ST0480,Caleb Singh,CS,Senior,3.5-3.7,CP08,false,2026-08-23,true
ST0481,Zoe Moore,CMDA,Senior,3.5-3.7,CP01,false,2026-08-24,true
ST0482,Sara Anderson,BME,Sophomore,3.0-3.4,CP18,false,2026-09-07,true
ST0483,Hannah Chen,EE,Senior,3.0-3.4,CP16,false,2026-08-23,true
ST0484,Olivia Williams,FIN,Sophomore,3.0-3.4,CP09,false,2026-08-26,true
ST0485,Aisha Jackson,FIN,Senior,<3.0,CP07,false,2026-09-10,true
ST0486,Marcus Chen,BIT,Junior,3.8+,CP08,false,2026-08-24,true
ST0487,Marcus Chen,BIT,Freshman,3.8+,CP13,false,2026-09-19,true
ST0488,Aisha Moore,CS,Freshman,3.0-3.4,CP01,false,2026-09-06,true
ST0489,Olivia Singh,EE,Senior,3.5-3.7,CP15,true,2026-09-01,true
ST0490,Diego Kim,COMM,Freshman,3.8+,CP12,false,2026-09-06,true
ST0491,Caleb Martinez,MGT,Freshman,3.0-3.4,CP11,false,2026-09-18,true
ST0492,Noah Kim,MGT,Freshman,3.8+,CP14,false,2026-08-24,true
ST0493,Ben Young,STAT,Senior,<3.0,CP14,true,2026-08-21,true
ST0494,Caleb Jackson,CS,Sophomore,3.5-3.7,CP12,false,2026-09-19,true
ST0495,Raj Clark,PSCI,Freshman,<3.0,CP19,false,2026-09-09,true
ST0496,Tyler Williams,BIT,Senior,3.8+,CP10,false,2026-08-31,true
ST0497,Tyler Lee,FIN,Sophomore,3.8+,CP09,false,2026-08-29,true
ST0498,Sofia Jackson,MGT,Junior,3.5-3.7,CP11,false,2026-08-28,true
ST0499,Olivia Chen,CMDA,Freshman,3.8+,CP02,false,2026-09-18,true
ST0500,Sara Wilson,CMDA,Junior,<3.0,CP01,false,2026-08-27,true
ST0501,Jordan Nguyen,CS,Senior,3.8+,CP01,false,2026-08-31,true
ST0502,Luke Nguyen,ID,Freshman,3.0-3.4,CP11,false,2026-08-29,true
ST0503,Ryan Clark,ACIS,Senior,3.5-3.7,CP09,false,2026-08-30,true
ST0504,Noah Moore,COMM,Senior,3.8+,CP08,true,2026-08-22,true
ST0505,Mei Clark,PSCI,Junior,3.5-3.7,CP11,true,2026-08-31,true
ST0506,Chloe Clark,PSCI,Senior,3.5-3.7,CP19,false,2026-08-20,true
ST0507,Raj Jackson,FIN,Sophomore,3.8+,CP04,false,2026-08-21,true
ST0508,Olivia Smith,ME,Junior,3.8+,CP15,false,2026-09-03,true
ST0509,Ava Williams,BIO,Senior,3.5-3.7,CP12,true,2026-09-04,true
ST0510,Luke Patel,ISE,Sophomore,<3.0,CP11,true,2026-09-08,true
ST0511,Emily Garcia,STAT,Sophomore,<3.0,CP09,true,2026-08-23,true
ST0512,Mei Garcia,BIT,Sophomore,<3.0,CP07,false,2026-08-30,true
ST0513,Luke Martinez,BIT,Junior,<3.0,CP11,false,2026-09-03,true
ST0514,Andre Young,EE,Sophomore,3.0-3.4,CP16,false,2026-09-13,true
ST0515,Sara Johnson,STAT,Sophomore,<3.0,CP02,false,2026-09-09,true
ST0516,Omar Johnson,CS,Junior,3.8+,CP11,false,2026-09-08,true
ST0517,Raj Moore,STAT,Sophomore,<3.0,CP06,false,2026-09-03,true
ST0518,Hannah Garcia,BIO,Sophomore,3.0-3.4,CP18,false,2026-08-20,true
ST0519,Ines Moore,BIT,Freshman,3.0-3.4,CP17,true,2026-08-20,true
ST0520,Diego Smith,BIO,Sophomore,3.8+,CP18,false,2026-08-20,true
ST0521,Maya Thomas,EE,Junior,3.5-3.7,CP16,false,2026-08-23,true
ST0522,Omar Singh,CMDA,Junior,3.8+,CP06,false,2026-08-20,true
ST0523,Priya Chen,PSCI,Junior,<3.0,CP19,false,2026-08-24,true
ST0524,Luke Brown,CS,Junior,<3.0,CP10,false,2026-09-01,true
ST0525,Jason Lee,BIT,Senior,3.5-3.7,CP11,false,2026-08-30,true
ST0526,Luke Kim,STAT,Senior,3.8+,CP06,false,2026-08-27,true
ST0527,Emily Anderson,ISE,Sophomore,3.8+,CP08,false,2026-08-31,true
ST0528,Raj Williams,MATH,Junior,3.8+,CP05,false,2026-08-20,true
ST0529,Mei Davis,CS,Senior,<3.0,CP03,false,2026-08-23,true
ST0530,Aiden Martinez,BME,Freshman,3.5-3.7,CP11,true,2026-08-22,true
ST0531,Sofia Lee,EE,Sophomore,3.0-3.4,CP16,false,2026-08-30,true
ST0532,Sara Johnson,CMDA,Freshman,3.5-3.7,CP03,false,2026-08-26,true
ST0533,Emily Young,CS,Sophomore,3.8+,CP12,false,2026-09-19,true
ST0534,Jordan Clark,ID,Sophomore,<3.0,CP11,false,2026-08-31,true
ST0535,Jordan Brown,BIO,Freshman,3.8+,CP18,false,2026-09-01,true
ST0536,Mei Hall,BIT,Junior,3.0-3.4,CP11,false,2026-09-07,true
ST0537,Diego Chen,ACIS,Freshman,<3.0,CP02,true,2026-09-19,true
ST0538,Aiden Wilson,COMM,Freshman,3.0-3.4,CP14,false,2026-09-10,true
ST0539,Ines Anderson,BIO,Sophomore,<3.0,CP18,false,2026-08-20,true
ST0540,Leah Singh,CMDA,Junior,3.0-3.4,CP08,false,2026-09-14,true
ST0541,Sofia Kim,BME,Freshman,3.8+,CP18,false,2026-08-31,true
ST0542,Marcus Jackson,CEE,Sophomore,3.0-3.4,CP17,false,2026-08-31,true
ST0543,Liam Singh,FIN,Freshman,3.0-3.4,CP05,false,2026-09-03,true
ST0544,Jason Clark,CS,Junior,<3.0,CP01,false,2026-09-02,true
ST0545,Aiden Wilson,ME,Freshman,3.0-3.4,CP15,false,2026-08-21,true
ST0546,Ethan Williams,ME,Freshman,3.0-3.4,CP09,true,2026-09-03,true
ST0547,Liam Smith,ME,Sophomore,3.5-3.7,CP15,false,2026-09-12,true
ST0548,Kevin Lopez,EE,Sophomore,<3.0,CP12,true,2026-09-16,true
ST0549,Maya Kim,FIN,Sophomore,3.0-3.4,CP09,false,2026-08-24,true
ST0550,Sofia Martinez,COMM,Senior,<3.0,CP12,false,2026-08-27,true
ST0551,Leah Young,CS,Freshman,3.5-3.7,CP10,false,2026-09-02,true
ST0552,Sofia Young,CS,Senior,3.0-3.4,CP12,false,2026-08-28,true
ST0553,Aisha Singh,BIO,Senior,<3.0,CP18,false,2026-09-05,true
ST0554,Chloe Chen,BME,Senior,<3.0,CP18,false,2026-08-28,true
ST0555,Cole Singh,EE,Sophomore,3.5-3.7,CP16,false,2026-08-26,true
ST0556,Omar Nguyen,ACIS,Junior,3.8+,CP09,false,2026-09-07,true
ST0557,Grace Singh,BME,Junior,<3.0,CP07,true,2026-08-23,true
ST0558,Liam Moore,CMDA,Freshman,3.5-3.7,CP08,false,2026-09-07,true
ST0559,Cole Brown,ISE,Senior,<3.0,CP13,false,2026-08-27,true
ST0560,Nina Lopez,ACIS,Freshman,3.8+,CP12,true,2026-09-08,true
ST0561,Sofia Williams,BIT,Junior,3.8+,CP11,false,2026-09-16,true
ST0562,Marcus Anderson,ACIS,Senior,3.0-3.4,CP04,false,2026-08-20,true
ST0563,Priya Lopez,CS,Senior,<3.0,CP11,false,2026-08-26,true
ST0564,Caleb Smith,CMDA,Freshman,3.5-3.7,CP08,false,2026-08-26,true
ST0565,Ethan Nguyen,ECON,Freshman,3.0-3.4,CP07,false,2026-08-21,true
ST0566,Ben Davis,CS,Freshman,3.8+,CP08,false,2026-09-18,true
ST0567,Marcus Lopez,ISE,Junior,3.5-3.7,CP17,true,2026-09-05,true
ST0568,Priya Singh,MATH,Freshman,<3.0,CP03,true,2026-09-06,true
ST0569,Aisha Williams,BIT,Senior,3.0-3.4,CP07,false,2026-09-06,true
ST0570,Cole Jackson,CPE,Freshman,3.0-3.4,CP01,false,2026-08-23,true
ST0571,Grace Wilson,CS,Junior,<3.0,CP12,false,2026-08-20,true
ST0572,Cole Smith,ISE,Junior,<3.0,CP08,false,2026-08-30,true
ST0573,Jason Chen,CEE,Junior,3.5-3.7,CP17,false,2026-08-26,true
ST0574,Grace Lopez,BIO,Freshman,3.5-3.7,CP18,false,2026-08-28,true
ST0575,Fatima Young,ACIS,Sophomore,3.5-3.7,CP09,false,2026-08-24,true
ST0576,Raj Clark,BIT,Senior,3.8+,CP02,true,2026-08-23,true
ST0577,Omar Singh,MATH,Junior,3.5-3.7,CP03,true,2026-09-13,true
ST0578,Tyler Clark,FIN,Junior,3.5-3.7,CP09,false,2026-08-28,true
ST0579,Yara Martinez,COMM,Sophomore,3.8+,CP14,false,2026-09-11,true
ST0580,Andre Jackson,MATH,Senior,3.0-3.4,CP06,false,2026-09-12,true
ST0581,Sara Davis,ME,Freshman,3.5-3.7,CP15,false,2026-08-23,true
ST0582,Andre Davis,CS,Senior,<3.0,CP11,false,2026-09-19,true
ST0583,Noah Davis,CS,Sophomore,<3.0,CP09,true,2026-09-06,true
ST0584,Olivia Martinez,CMDA,Junior,<3.0,CP06,false,2026-09-13,true
ST0585,Aiden Singh,COMM,Junior,3.5-3.7,CP14,false,2026-09-06,true
ST0586,Cole Jackson,EE,Junior,3.8+,CP16,false,2026-09-01,true
ST0587,Omar Davis,FIN,Junior,3.0-3.4,CP07,false,2026-08-28,true
ST0588,Sofia Lee,ME,Senior,3.0-3.4,CP15,false,2026-08-30,true
ST0589,Ava Clark,STAT,Junior,3.8+,CP06,false,2026-09-15,true
ST0590,Sofia Nguyen,ACIS,Senior,<3.0,CP04,false,2026-09-10,true
ST0591,Priya Clark,CMDA,Senior,3.0-3.4,CP06,false,2026-09-13,true
ST0592,Ryan Martinez,BIT,Freshman,3.5-3.7,CP13,false,2026-08-27,true
ST0593,Nina Lopez,ACIS,Freshman,3.0-3.4,CP04,false,2026-08-24,true
ST0594,Omar Davis,FIN,Senior,3.8+,CP07,false,2026-09-12,true
ST0595,Noah Hall,MGT,Sophomore,<3.0,CP13,false,2026-09-13,true
ST0596,Marcus Lee,BIO,Sophomore,3.0-3.4,CP18,false,2026-09-15,true
ST0597,Yara Davis,BIT,Senior,3.5-3.7,CP08,false,2026-09-14,true
ST0598,Emily Nguyen,ACIS,Sophomore,<3.0,CP09,false,2026-08-26,true
ST0599,Cole Davis,ECON,Senior,3.8+,CP07,false,2026-09-10,true
ST0600,Priya Chen,ME,Sophomore,3.5-3.7,CP15,false,2026-09-03,true
ST0601,Ines Johnson,COMM,Freshman,<3.0,CP19,false,2026-08-20,true
ST0602,Zoe Clark,BIT,Junior,<3.0,CP13,false,2026-09-03,true
ST0603,Liam Garcia,CS,Sophomore,3.8+,CP11,false,2026-09-14,true
ST0604,Jordan Martinez,ME,Freshman,3.8+,CP15,false,2026-08-31,true
ST0605,Ines Thomas,MGT,Senior,<3.0,CP11,false,2026-09-02,true
ST0606,Zoe Thomas,BME,Senior,3.5-3.7,CP18,false,2026-08-22,true
ST0607,Leah Garcia,ISE,Sophomore,<3.0,CP08,false,2026-09-01,true
ST0608,Andre Hall,ECON,Sophomore,3.0-3.4,CP12,true,2026-08-28,true
ST0609,Jordan Singh,ISE,Senior,<3.0,CP07,false,2026-09-15,true
ST0610,Raj Lopez,COMM,Senior,3.8+,CP12,false,2026-09-15,true
ST0611,Ethan Davis,CS,Junior,3.5-3.7,CP03,false,2026-08-26,true
ST0612,Ben Brown,BIO,Senior,<3.0,CP03,true,2026-08-25,true
ST0613,Ines Williams,CEE,Junior,3.0-3.4,CP17,false,2026-09-16,true
ST0614,Ryan Smith,CMDA,Sophomore,3.8+,CP07,true,2026-09-11,true
ST0615,Jason Smith,ISE,Freshman,<3.0,CP08,false,2026-09-19,true
ST0616,Omar Moore,CS,Senior,<3.0,CP06,false,2026-08-30,true
ST0617,Cole Kim,BIO,Sophomore,3.8+,CP18,false,2026-09-05,true
ST0618,Fatima Thomas,CS,Senior,3.5-3.7,CP12,false,2026-09-03,true
ST0619,Diego Moore,ECON,Sophomore,<3.0,CP04,false,2026-09-18,true
ST0620,Nina Nguyen,BIO,Junior,3.8+,CP08,true,2026-08-31,true
ST0621,Noah Davis,CPE,Senior,<3.0,CP01,false,2026-08-25,true
ST0622,Olivia Thomas,BIT,Junior,3.5-3.7,CP11,false,2026-09-13,true
ST0623,Ryan Garcia,ECON,Junior,<3.0,CP03,true,2026-08-25,true
ST0624,Luke Davis,ME,Senior,3.8+,CP15,false,2026-08-26,true
ST0625,Diego Lee,FIN,Sophomore,3.5-3.7,CP05,false,2026-08-31,true
ST0626,Liam Anderson,EE,Sophomore,3.5-3.7,CP16,false,2026-08-21,true
ST0627,Mei Garcia,ACIS,Freshman,3.8+,CP09,false,2026-09-07,true
ST0628,Caleb Thomas,MGT,Senior,3.0-3.4,CP13,false,2026-09-08,true
ST0629,Cole Nguyen,EE,Freshman,3.0-3.4,CP16,false,2026-09-16,true
ST0630,Chloe Brown,CPE,Freshman,<3.0,CP03,false,2026-08-30,true
ST0631,Luke Davis,BIT,Senior,3.8+,CP11,false,2026-09-09,true
ST0632,Yara Moore,EE,Sophomore,<3.0,CP16,false,2026-08-29,true
ST0633,Zoe Kim,COMM,Junior,3.8+,CP08,true,2026-09-09,true
ST0634,Mei Garcia,CPE,Junior,3.8+,CP04,true,2026-08-27,true
ST0635,Yara Martinez,BME,Freshman,3.8+,CP02,true,2026-08-23,true
ST0636,Nina Jackson,PSCI,Senior,3.0-3.4,CP19,false,2026-08-31,true
ST0637,Cole Lee,FIN,Senior,3.0-3.4,CP04,false,2026-09-01,true
ST0638,Ethan Williams,FIN,Junior,<3.0,CP07,false,2026-09-05,true
ST0639,Ryan Garcia,BIO,Freshman,3.5-3.7,CP18,false,2026-09-10,true
ST0640,Olivia Brown,BIO,Junior,<3.0,CP18,false,2026-08-24,true
ST0641,Grace Martinez,BIT,Sophomore,3.5-3.7,CP08,false,2026-08-31,true
ST0642,Nina Davis,CEE,Junior,3.5-3.7,CP17,false,2026-09-18,true
ST0643,Ryan Wilson,FIN,Junior,3.5-3.7,CP07,false,2026-09-19,true
ST0644,Grace Martinez,CPE,Senior,3.0-3.4,CP07,true,2026-09-10,true
ST0645,Aiden Young,ISE,Junior,3.8+,CP17,true,2026-08-29,true
ST0646,Cole Nguyen,CEE,Senior,3.8+,CP17,false,2026-09-14,true
ST0647,Caleb Hall,ME,Junior,3.8+,CP15,false,2026-09-09,true
ST0648,Kevin Lopez,ECON,Junior,3.0-3.4,CP05,false,2026-08-21,true
ST0649,Mei Anderson,ECON,Sophomore,<3.0,CP05,false,2026-09-17,true
ST0650,Emily Nguyen,BIO,Freshman,3.0-3.4,CP15,true,2026-09-16,true
ST0651,Ines Smith,FIN,Sophomore,3.8+,CP07,false,2026-08-24,true
ST0652,Jason Young,ME,Junior,3.8+,CP15,false,2026-09-19,true
ST0653,Cole Garcia,BME,Junior,3.0-3.4,CP18,false,2026-09-10,true
ST0654,Tyler Hall,BIT,Sophomore,3.0-3.4,CP13,false,2026-08-28,true
ST0655,Tyler Garcia,BME,Senior,<3.0,CP18,false,2026-09-16,true
ST0656,Diego Anderson,ME,Senior,3.0-3.4,CP15,false,2026-09-16,true
ST0657,Luke Garcia,FIN,Freshman,3.8+,CP05,false,2026-09-18,true
ST0658,Sofia Garcia,ISE,Senior,3.0-3.4,CP07,false,2026-08-31,true
ST0659,Aisha Williams,CS,Freshman,3.5-3.7,CP11,false,2026-08-23,true
ST0660,Maya Lee,BIT,Senior,3.0-3.4,CP07,false,2026-09-04,true
ST0661,Diego Nguyen,CMDA,Junior,3.8+,CP02,false,2026-09-13,true
ST0662,Ava Hall,MKTG,Senior,3.5-3.7,CP14,false,2026-08-26,true
ST0663,Chloe Wilson,BIT,Sophomore,<3.0,CP11,false,2026-09-06,true
ST0664,Ava Hall,CMDA,Freshman,<3.0,CP11,true,2026-08-21,true
ST0665,Nina Kim,CS,Senior,3.0-3.4,CP08,false,2026-09-02,true
ST0666,Aisha Singh,BIO,Sophomore,3.8+,CP18,false,2026-09-02,true
ST0667,Andre Chen,FIN,Junior,3.5-3.7,CP09,false,2026-08-22,true
ST0668,Tyler Chen,ME,Senior,3.8+,CP15,false,2026-08-24,true
ST0669,Fatima Singh,CPE,Junior,<3.0,CP10,false,2026-08-22,true
ST0670,Nina Moore,STAT,Junior,<3.0,CP06,false,2026-09-15,true
ST0671,Tyler Brown,CEE,Junior,<3.0,CP17,false,2026-09-14,true
ST0672,Ben Williams,ME,Freshman,3.0-3.4,CP15,false,2026-09-13,true
ST0673,Sofia Patel,ECON,Senior,3.8+,CP04,false,2026-08-25,true
ST0674,Aiden Johnson,CS,Freshman,3.5-3.7,CP03,false,2026-09-07,true
ST0675,Hannah Chen,CS,Freshman,3.0-3.4,CP02,false,2026-09-11,true
ST0676,Tyler Clark,STAT,Freshman,3.8+,CP02,false,2026-09-07,true
ST0677,Ines Nguyen,EE,Junior,3.5-3.7,CP16,false,2026-09-18,true
ST0678,Ryan Patel,ME,Freshman,<3.0,CP08,true,2026-09-09,true
ST0679,Caleb Hall,CS,Junior,3.0-3.4,CP10,false,2026-09-02,true
ST0680,Ben Lopez,BIT,Junior,<3.0,CP07,false,2026-09-10,true
ST0681,Ben Chen,CPE,Sophomore,<3.0,CP03,false,2026-09-16,true
ST0682,Chloe Clark,PSCI,Freshman,3.8+,CP19,false,2026-09-19,true
ST0683,Fatima Martinez,ACIS,Senior,<3.0,CP09,false,2026-09-10,true
ST0684,Mei Brown,CPE,Sophomore,<3.0,CP10,false,2026-09-13,true
ST0685,Nina Smith,CS,Freshman,3.5-3.7,CP06,false,2026-09-18,true
ST0686,Chloe Singh,ACIS,Sophomore,3.8+,CP08,true,2026-09-14,true
ST0687,Cole Young,FIN,Sophomore,3.0-3.4,CP03,true,2026-09-11,true
ST0688,Hannah Thomas,MATH,Senior,3.8+,CP02,false,2026-08-25,true
ST0689,Ben Martinez,STAT,Sophomore,3.8+,CP02,false,2026-08-31,true
ST0690,Sara Martinez,BIT,Senior,3.5-3.7,CP11,false,2026-09-02,true
ST0691,Zoe Wilson,ECON,Junior,3.5-3.7,CP05,false,2026-09-16,true
ST0692,Zoe Singh,CPE,Senior,3.0-3.4,CP01,false,2026-09-13,true
ST0693,Ava Moore,FIN,Senior,3.8+,CP18,true,2026-08-28,true
ST0694,Tyler Williams,FIN,Senior,3.5-3.7,CP05,false,2026-09-15,true
ST0695,Diego Moore,ECON,Junior,3.8+,CP04,false,2026-08-21,true
ST0696,Ryan Anderson,BIO,Freshman,3.5-3.7,CP18,false,2026-09-08,true
ST0697,Aisha Lee,BME,Senior,3.5-3.7,CP18,false,2026-09-11,true
ST0698,Emily Clark,STAT,Junior,3.5-3.7,CP08,true,2026-09-18,true
ST0699,Diego Lee,CS,Sophomore,3.8+,CP01,false,2026-08-25,true
ST0700,Andre Patel,MKTG,Senior,3.5-3.7,CP03,true,2026-08-30,true
ST0701,Ines Garcia,CS,Junior,3.0-3.4,CP12,false,2026-09-12,true
ST0702,Mei Brown,CPE,Sophomore,3.8+,CP03,false,2026-08-25,true
ST0703,Yara Thomas,ECON,Sophomore,<3.0,CP02,false,2026-08-31,true
ST0704,Raj Young,ACIS,Junior,3.8+,CP11,true,2026-09-19,true
ST0705,Liam Johnson,CPE,Sophomore,3.8+,CP03,false,2026-09-04,true
ST0706,Cole Garcia,FIN,Junior,<3.0,CP04,false,2026-08-27,true
ST0707,Sara Singh,ME,Sophomore,3.0-3.4,CP15,false,2026-08-27,true
ST0708,Ethan Young,ME,Senior,3.0-3.4,CP15,false,2026-09-18,true
ST0709,Olivia Wilson,ID,Junior,3.5-3.7,CP11,false,2026-08-30,true
ST0710,Hannah Nguyen,BIT,Sophomore,3.0-3.4,CP08,false,2026-08-21,true
ST0711,Ben Hall,ACIS,Junior,3.5-3.7,CP09,false,2026-09-19,true
ST0712,Cole Wilson,FIN,Sophomore,3.0-3.4,CP04,false,2026-09-14,true
ST0713,Priya Garcia,CS,Junior,3.5-3.7,CP08,false,2026-09-07,true
ST0714,Zoe Lee,ACIS,Junior,3.5-3.7,CP08,true,2026-09-01,true
ST0715,Sara Williams,BME,Sophomore,3.8+,CP18,false,2026-09-05,true
ST0716,Maya Kim,CPE,Sophomore,3.5-3.7,CP16,false,2026-09-01,true
ST0717,Ryan Clark,CMDA,Freshman,3.8+,CP17,true,2026-09-11,true
ST0718,Kevin Hall,ME,Junior,<3.0,CP15,false,2026-09-06,true
ST0719,Ethan Lopez,BIO,Freshman,3.5-3.7,CP03,true,2026-09-17,true
ST0720,Liam Singh,STAT,Junior,<3.0,CP06,false,2026-08-31,true
ST0721,Mei Moore,STAT,Junior,3.5-3.7,CP02,false,2026-08-29,true
ST0722,Sofia Nguyen,CPE,Sophomore,3.0-3.4,CP01,false,2026-09-08,true
ST0723,Mei Davis,CS,Freshman,<3.0,CP11,false,2026-09-19,true
ST0724,Yara Brown,BME,Senior,3.0-3.4,CP18,false,2026-08-21,true
ST0725,Chloe Moore,ACIS,Senior,3.8+,CP04,false,2026-09-11,true
ST0726,Sara Nguyen,STAT,Junior,3.8+,CP06,false,2026-08-26,true
ST0727,Chloe Nguyen,FIN,Junior,3.8+,CP09,false,2026-09-02,true
ST0728,Ethan Davis,ME,Senior,3.5-3.7,CP15,false,2026-09-07,true
ST0729,Omar Brown,FIN,Freshman,3.8+,CP07,false,2026-08-26,true
ST0730,Ethan Thomas,ECON,Freshman,3.5-3.7,CP02,false,2026-08-29,true
ST0731,Yara Wilson,CMDA,Sophomore,3.8+,CP08,false,2026-08-20,true
ST0732,Grace Brown,ECON,Freshman,<3.0,CP04,false,2026-08-20,true
ST0733,Chloe Moore,ACIS,Sophomore,3.5-3.7,CP04,false,2026-09-03,true
ST0734,Olivia Moore,CS,Senior,3.0-3.4,CP02,false,2026-08-21,true
ST0735,Noah Lee,ACIS,Junior,3.8+,CP09,false,2026-08-29,true
ST0736,Mei Jackson,MGT,Sophomore,3.8+,CP11,false,2026-09-13,true
ST0737,Marcus Chen,MGT,Senior,3.8+,CP07,false,2026-09-19,true
ST0738,Raj Singh,BME,Freshman,3.0-3.4,CP18,false,2026-09-02,true
ST0739,Grace Anderson,ACIS,Freshman,3.8+,CP09,false,2026-09-10,true
ST0740,Kevin Clark,ISE,Junior,<3.0,CP08,false,2026-09-15,true
ST0741,Sara Jackson,CS,Sophomore,<3.0,CP07,true,2026-09-06,true
ST0742,Yara Martinez,ECON,Junior,<3.0,CP19,false,2026-08-22,true
ST0743,Sofia Martinez,ISE,Freshman,3.0-3.4,CP06,true,2026-08-27,true
ST0744,Leah Williams,CPE,Sophomore,<3.0,CP10,false,2026-09-18,true
ST0745,Marcus Brown,BIO,Freshman,<3.0,CP15,true,2026-09-10,true
ST0746,Ines Nguyen,ME,Freshman,3.8+,CP15,false,2026-08-26,true
ST0747,Priya Williams,ECON,Junior,3.0-3.4,CP19,false,2026-08-22,true
ST0748,Andre Hall,EE,Freshman,3.5-3.7,CP08,true,2026-09-13,true
ST0749,Hannah Young,MGT,Junior,3.0-3.4,CP07,false,2026-08-26,true
ST0750,Hannah Nguyen,ECON,Junior,3.5-3.7,CP04,false,2026-09-06,true
ST0751,Ryan Smith,ISE,Senior,<3.0,CP08,false,2026-09-01,true
ST0752,Zoe Kim,COMM,Sophomore,3.0-3.4,CP19,false,2026-09-06,true
ST0753,Aisha Williams,ID,Freshman,<3.0,CP12,false,2026-09-18,true
ST0754,Cole Moore,CS,Junior,3.5-3.7,CP02,false,2026-09-19,true
ST0755,Hannah Patel,ECON,Junior,<3.0,CP19,false,2026-09-02,true
ST0756,Marcus Moore,EE,Senior,3.5-3.7,CP16,false,2026-09-05,true
ST0757,Ben Young,COMM,Senior,3.8+,CP19,false,2026-08-24,true
ST0758,Ben Jackson,COMM,Sophomore,3.8+,CP04,true,2026-09-13,true
ST0759,Diego Singh,EE,Freshman,<3.0,CP04,true,2026-09-16,true
ST0760,Chloe Davis,CMDA,Senior,3.5-3.7,CP06,false,2026-09-19,true
ST0761,Maya Wilson,CEE,Junior,3.0-3.4,CP17,false,2026-09-05,true
ST0762,Omar Johnson,ACIS,Junior,3.5-3.7,CP16,true,2026-09-03,true
ST0763,Nina Chen,ECON,Senior,<3.0,CP07,false,2026-09-04,true
ST0764,Andre Moore,ME,Junior,<3.0,CP15,false,2026-09-03,true
ST0765,Tyler Kim,CPE,Freshman,<3.0,CP10,false,2026-09-01,true
ST0766,Yara Hall,CPE,Freshman,3.5-3.7,CP19,true,2026-08-26,true
ST0767,Noah Chen,CPE,Sophomore,3.5-3.7,CP16,false,2026-08-30,true
ST0768,Andre Anderson,CMDA,Junior,3.0-3.4,CP03,false,2026-08-27,true
ST0769,Zoe Jackson,CEE,Junior,3.5-3.7,CP17,false,2026-09-15,true
ST0770,Ryan Hall,FIN,Junior,<3.0,CP04,false,2026-09-07,true
ST0771,Sara Wilson,CEE,Junior,3.8+,CP17,false,2026-08-31,true
ST0772,Aiden Thomas,CMDA,Senior,3.8+,CP02,false,2026-08-21,true
ST0773,Kevin Nguyen,CS,Junior,<3.0,CP12,false,2026-09-15,true
ST0774,Emily Garcia,MATH,Senior,3.5-3.7,CP01,false,2026-09-09,true
ST0775,Olivia Davis,FIN,Junior,3.8+,CP09,false,2026-08-28,true
ST0776,Emily Chen,CS,Senior,3.8+,CP06,false,2026-09-03,true
ST0777,Diego Kim,CS,Senior,<3.0,CP12,false,2026-09-04,true
ST0778,Luke Anderson,ECON,Senior,<3.0,CP19,false,2026-08-22,true
ST0779,Ryan Williams,ME,Junior,3.8+,CP15,false,2026-09-11,true
ST0780,Sara Thomas,FIN,Sophomore,<3.0,CP07,false,2026-09-13,true
ST0781,Diego Anderson,FIN,Sophomore,<3.0,CP04,false,2026-09-06,true
ST0782,Nina Garcia,CMDA,Senior,3.0-3.4,CP06,false,2026-09-05,true
ST0783,Grace Lopez,BIT,Senior,3.0-3.4,CP07,false,2026-09-06,true
ST0784,Jordan Chen,ME,Sophomore,3.5-3.7,CP15,false,2026-08-20,true
ST0785,Zoe Williams,FIN,Sophomore,3.0-3.4,CP04,false,2026-08-20,true
ST0786,Emily Nguyen,ME,Senior,<3.0,CP03,true,2026-08-20,true
ST0787,Aisha Wilson,MGT,Sophomore,3.8+,CP14,false,2026-09-07,true
ST0788,Maya Singh,CPE,Junior,3.8+,CP04,true,2026-08-24,true
ST0789,Grace Patel,CS,Sophomore,3.5-3.7,CP02,false,2026-08-25,true
ST0790,Jason Martinez,BIO,Sophomore,3.8+,CP18,false,2026-09-17,true
ST0791,Aisha Kim,CPE,Freshman,3.8+,CP14,true,2026-09-05,true
ST0792,Jason Anderson,BIO,Senior,3.8+,CP18,false,2026-09-16,true
ST0793,Zoe Smith,BIT,Sophomore,3.8+,CP07,false,2026-08-30,true
ST0794,Aisha Martinez,FIN,Sophomore,<3.0,CP05,false,2026-09-18,true
ST0795,Yara Martinez,ECON,Junior,<3.0,CP04,false,2026-09-10,true
ST0796,Ines Garcia,CS,Senior,3.8+,CP01,false,2026-09-12,true
ST0797,Nina Johnson,CEE,Senior,3.8+,CP17,false,2026-08-28,true
ST0798,Nina Martinez,BIT,Senior,3.0-3.4,CP07,false,2026-08-31,true
ST0799,Tyler Brown,MGT,Junior,3.0-3.4,CP04,true,2026-09-11,true
ST0800,Aisha Patel,EE,Sophomore,3.0-3.4,CP04,true,2026-09-10,true
ST0801,Marcus Martinez,CMDA,Senior,3.0-3.4,CP03,false,2026-09-15,true
ST0802,Caleb Young,BIO,Junior,3.8+,CP04,true,2026-08-20,true
ST0803,Nina Smith,ACIS,Junior,3.0-3.4,CP09,false,2026-09-09,true
ST0804,Caleb Jackson,CPE,Senior,<3.0,CP01,false,2026-08-25,true
ST0805,Ava Lee,ECON,Freshman,3.5-3.7,CP05,false,2026-09-18,true
ST0806,Marcus Thomas,BME,Sophomore,3.5-3.7,CP09,true,2026-09-15,true
ST0807,Sara Martinez,ME,Sophomore,<3.0,CP15,false,2026-08-24,true
ST0808,Raj Hall,ME,Sophomore,3.5-3.7,CP15,false,2026-09-04,true
ST0809,Fatima Singh,PSCI,Sophomore,3.5-3.7,CP19,false,2026-09-06,true
ST0810,Diego Patel,CMDA,Freshman,<3.0,CP11,true,2026-09-10,true
ST0811,Aisha Smith,ACIS,Junior,3.5-3.7,CP04,false,2026-08-21,true
ST0812,Ines Brown,BIT,Freshman,3.8+,CP11,false,2026-08-31,true
ST0813,Chloe Jackson,MKTG,Freshman,3.0-3.4,CP11,true,2026-08-26,true
ST0814,Grace Garcia,ACIS,Senior,3.8+,CP09,false,2026-09-10,true
ST0815,Cole Johnson,CMDA,Sophomore,3.0-3.4,CP03,false,2026-09-09,true
ST0816,Omar Lopez,ACIS,Junior,3.0-3.4,CP09,false,2026-08-29,true
ST0817,Raj Chen,FIN,Freshman,3.8+,CP06,true,2026-09-10,true
ST0818,Aiden Anderson,BIT,Senior,3.0-3.4,CP07,false,2026-08-30,true
ST0819,Priya Thomas,PSCI,Senior,<3.0,CP19,false,2026-09-15,true
ST0820,Maya Singh,ME,Senior,3.0-3.4,CP06,true,2026-08-28,true
ST0821,Ines Davis,ISE,Senior,3.8+,CP07,false,2026-09-04,true
ST0822,Mei Smith,BIT,Senior,3.5-3.7,CP13,false,2026-08-30,true
ST0823,Noah Martinez,BME,Junior,3.5-3.7,CP18,false,2026-09-19,true
ST0824,Maya Johnson,CS,Freshman,3.5-3.7,CP12,false,2026-09-17,true
ST0825,Andre Chen,FIN,Senior,3.5-3.7,CP05,false,2026-09-08,true
ST0826,Ryan Thomas,CS,Senior,<3.0,CP11,false,2026-09-15,true
ST0827,Grace Hall,CS,Junior,<3.0,CP10,false,2026-09-15,true
ST0828,Fatima Patel,MATH,Sophomore,<3.0,CP02,false,2026-09-08,true
ST0829,Mei Young,CMDA,Senior,3.5-3.7,CP08,false,2026-09-08,true
ST0830,Chloe Jackson,ME,Sophomore,<3.0,CP15,false,2026-08-23,true
ST0831,Fatima Chen,FIN,Senior,3.5-3.7,CP05,false,2026-09-05,true
ST0832,Hannah Thomas,CS,Sophomore,3.8+,CP02,false,2026-08-24,true
ST0833,Nina Patel,PSCI,Junior,3.0-3.4,CP19,false,2026-09-18,true
ST0834,Ines Jackson,ME,Senior,3.8+,CP15,false,2026-08-28,true
ST0835,Liam Garcia,ID,Junior,3.8+,CP11,false,2026-09-09,true
ST0836,Fatima Lopez,PSCI,Freshman,3.5-3.7,CP19,false,2026-08-31,true
ST0837,Raj Wilson,CS,Freshman,3.5-3.7,CP02,false,2026-09-06,true
ST0838,Aisha Davis,CS,Freshman,3.8+,CP02,false,2026-09-06,true
ST0839,Ethan Lee,PSCI,Junior,<3.0,CP19,false,2026-08-27,true
ST0840,Kevin Smith,ACIS,Freshman,<3.0,CP09,false,2026-08-25,true
ST0841,Chloe Patel,BIT,Freshman,3.8+,CP10,false,2026-09-13,true
ST0842,Noah Patel,ME,Freshman,3.0-3.4,CP15,false,2026-08-24,true
ST0843,Chloe Lopez,BIO,Junior,3.5-3.7,CP18,false,2026-09-18,true
ST0844,Aisha Williams,MATH,Freshman,<3.0,CP01,false,2026-09-14,true
ST0845,Jason Kim,ME,Sophomore,3.0-3.4,CP15,false,2026-09-12,true
ST0846,Ethan Moore,CPE,Freshman,3.8+,CP14,true,2026-08-27,true
ST0847,Sara Martinez,MGT,Senior,<3.0,CP13,false,2026-08-24,true
ST0848,Ines Nguyen,CPE,Freshman,3.8+,CP16,false,2026-08-25,true
ST0849,Fatima Wilson,CS,Junior,3.8+,CP03,false,2026-09-13,true
ST0850,Kevin Martinez,CMDA,Junior,3.8+,CP08,false,2026-08-22,true
ST0851,Andre Moore,CS,Junior,3.0-3.4,CP08,false,2026-08-20,true
ST0852,Zoe Nguyen,ME,Junior,3.0-3.4,CP03,true,2026-09-09,true
ST0853,Jordan Young,PSCI,Junior,3.8+,CP19,false,2026-09-10,true
ST0854,Chloe Brown,FIN,Senior,3.8+,CP05,false,2026-09-14,true
ST0855,Kevin Davis,CS,Sophomore,3.8+,CP01,false,2026-08-23,true
ST0856,Mei Thomas,CS,Freshman,3.5-3.7,CP10,false,2026-08-31,true
ST0857,Marcus Davis,CEE,Junior,3.0-3.4,CP17,false,2026-09-11,true
ST0858,Chloe Hall,MKTG,Freshman,<3.0,CP04,true,2026-08-20,true
ST0859,Leah Moore,CS,Junior,3.8+,CP06,false,2026-08-21,true
ST0860,Chloe Singh,CS,Senior,3.8+,CP08,false,2026-09-14,true
ST0861,Liam Hall,CMDA,Freshman,3.5-3.7,CP02,false,2026-08-21,true
ST0862,Ava Clark,FIN,Sophomore,3.0-3.4,CP09,false,2026-08-22,true
ST0863,Mei Wilson,BIO,Senior,3.0-3.4,CP18,false,2026-09-17,true
ST0864,Olivia Brown,CS,Freshman,3.8+,CP19,true,2026-08-27,true
ST0865,Ethan Moore,PSCI,Freshman,3.0-3.4,CP19,false,2026-08-30,true
ST0866,Zoe Garcia,MATH,Senior,3.5-3.7,CP02,false,2026-09-17,true
ST0867,Emily Garcia,CS,Junior,3.8+,CP01,false,2026-09-15,true
ST0868,Aiden Williams,FIN,Sophomore,<3.0,CP09,false,2026-09-05,true
ST0869,Andre Hall,FIN,Sophomore,3.8+,CP09,false,2026-09-08,true
ST0870,Sofia Williams,COMM,Senior,3.0-3.4,CP13,true,2026-08-29,true
ST0871,Caleb Jackson,CS,Junior,3.5-3.7,CP07,true,2026-09-09,true
ST0872,Zoe Singh,EE,Sophomore,3.0-3.4,CP16,false,2026-09-02,true
ST0873,Ava Moore,CPE,Sophomore,3.0-3.4,CP02,true,2026-09-02,true
ST0874,Fatima Hall,BIT,Freshman,3.5-3.7,CP07,false,2026-09-17,true
ST0875,Kevin Brown,STAT,Senior,3.0-3.4,CP06,false,2026-08-21,true
ST0876,Luke Martinez,CPE,Senior,3.8+,CP03,false,2026-09-09,true
ST0877,Priya Anderson,PSCI,Junior,<3.0,CP19,false,2026-09-14,true
ST0878,Noah Hall,ISE,Freshman,3.0-3.4,CP03,true,2026-08-20,true
ST0879,Yara Nguyen,CPE,Sophomore,3.8+,CP01,false,2026-09-10,true
ST0880,Jordan Jackson,BIO,Senior,3.8+,CP01,true,2026-09-12,true
ST0881,Noah Garcia,ME,Senior,3.8+,CP15,false,2026-09-12,true
ST0882,Hannah Thomas,MATH,Junior,3.8+,CP06,false,2026-08-30,true
ST0883,Raj Smith,CEE,Freshman,3.0-3.4,CP06,true,2026-09-18,true
ST0884,Noah Anderson,CEE,Freshman,3.8+,CP17,false,2026-09-12,true
ST0885,Omar Anderson,BIT,Junior,3.8+,CP11,false,2026-09-09,true
ST0886,Luke Johnson,ECON,Sophomore,3.0-3.4,CP04,false,2026-09-07,true
ST0887,Maya Johnson,FIN,Junior,3.0-3.4,CP09,false,2026-08-26,true
ST0888,Sofia Smith,CS,Freshman,<3.0,CP01,false,2026-09-17,true
ST0889,Olivia Nguyen,MGT,Freshman,3.8+,CP02,true,2026-08-29,true
ST0890,Aiden Martinez,ME,Senior,<3.0,CP15,false,2026-09-11,true
ST0891,Ava Patel,CS,Junior,3.8+,CP12,false,2026-08-28,true
ST0892,Jason Nguyen,ME,Junior,3.8+,CP15,false,2026-09-11,true
ST0893,Zoe Lopez,ID,Sophomore,3.0-3.4,CP11,false,2026-09-01,true
ST0894,Emily Martinez,MKTG,Senior,3.0-3.4,CP04,true,2026-09-12,true
ST0895,Marcus Anderson,ID,Sophomore,<3.0,CP06,true,2026-08-23,true
ST0896,Caleb Davis,FIN,Junior,3.5-3.7,CP07,false,2026-08-28,true
ST0897,Ryan Thomas,BIT,Senior,<3.0,CP13,false,2026-08-22,true
ST0898,Grace Nguyen,ACIS,Junior,<3.0,CP04,false,2026-08-27,true
ST0899,Ryan Davis,ISE,Junior,3.0-3.4,CP08,false,2026-08-24,true
ST0900,Jordan Martinez,CS,Freshman,3.8+,CP02,false,2026-09-06,true
ST0901,Priya Jackson,CS,Sophomore,<3.0,CP12,false,2026-08-26,true
ST0902,Maya Young,CEE,Senior,<3.0,CP17,false,2026-09-16,true
ST0903,Ryan Brown,CPE,Senior,3.0-3.4,CP10,false,2026-09-03,true
ST0904,Noah Johnson,BIO,Freshman,3.5-3.7,CP18,false,2026-09-08,true
ST0905,Tyler Patel,FIN,Senior,3.8+,CP04,false,2026-08-21,true
ST0906,Priya Davis,CS,Freshman,<3.0,CP06,false,2026-08-25,true
ST0907,Olivia Moore,ECON,Senior,3.8+,CP11,true,2026-09-13,true
ST0908,Ines Garcia,CPE,Senior,<3.0,CP01,false,2026-09-18,true
ST0909,Olivia Thomas,CS,Senior,<3.0,CP04,true,2026-09-17,true
ST0910,Ines Singh,ACIS,Sophomore,<3.0,CP09,false,2026-08-31,true
ST0911,Raj Smith,CS,Senior,3.0-3.4,CP08,false,2026-09-15,true
ST0912,Andre Patel,CS,Senior,3.0-3.4,CP06,false,2026-09-04,true
ST0913,Diego Chen,COMM,Freshman,3.0-3.4,CP12,false,2026-08-29,true
ST0914,Mei Smith,MATH,Senior,3.8+,CP02,false,2026-09-17,true
ST0915,Aiden Brown,ID,Freshman,3.0-3.4,CP03,true,2026-09-14,true
ST0916,Jason Brown,CMDA,Junior,<3.0,CP06,false,2026-09-03,true
ST0917,Zoe Kim,CS,Sophomore,3.8+,CP03,false,2026-09-04,true
ST0918,Chloe Lee,ACIS,Senior,3.5-3.7,CP13,true,2026-08-26,true
ST0919,Grace Clark,ISE,Freshman,<3.0,CP08,false,2026-08-28,true
ST0920,Priya Garcia,MKTG,Freshman,3.5-3.7,CP14,false,2026-09-04,true
ST0921,Noah Smith,CMDA,Freshman,3.5-3.7,CP03,false,2026-08-28,true
ST0922,Mei Davis,COMM,Junior,3.0-3.4,CP14,false,2026-08-26,true
ST0923,Leah Clark,ECON,Sophomore,<3.0,CP07,false,2026-09-14,true
ST0924,Emily Brown,MGT,Junior,<3.0,CP14,false,2026-09-02,true
ST0925,Jason Wilson,CPE,Junior,3.5-3.7,CP01,false,2026-09-19,true
ST0926,Omar Clark,FIN,Sophomore,3.0-3.4,CP11,true,2026-09-19,true
ST0927,Jason Singh,CEE,Sophomore,3.8+,CP17,false,2026-08-22,true
ST0928,Zoe Brown,MKTG,Sophomore,3.5-3.7,CP14,false,2026-09-14,true
ST0929,Ethan Martinez,CS,Senior,3.8+,CP11,false,2026-08-23,true
ST0930,Raj Smith,CS,Freshman,3.5-3.7,CP08,false,2026-09-19,true
ST0931,Grace Wilson,EE,Freshman,3.5-3.7,CP11,true,2026-09-05,true
ST0932,Maya Brown,ACIS,Senior,3.0-3.4,CP09,false,2026-09-19,true
ST0933,Marcus Jackson,EE,Senior,3.8+,CP16,false,2026-08-24,true
ST0934,Omar Chen,MATH,Senior,3.5-3.7,CP02,false,2026-09-05,true
ST0935,Kevin Chen,CPE,Senior,3.5-3.7,CP10,false,2026-09-16,true
ST0936,Marcus Smith,ISE,Freshman,3.5-3.7,CP02,true,2026-09-13,true
ST0937,Aiden Williams,CS,Senior,3.5-3.7,CP03,false,2026-08-25,true
ST0938,Mei Jackson,ECON,Freshman,3.5-3.7,CP02,false,2026-08-25,true
ST0939,Kevin Clark,EE,Sophomore,3.5-3.7,CP08,true,2026-08-25,true
ST0940,Ethan Anderson,ME,Sophomore,3.5-3.7,CP08,true,2026-08-24,true
ST0941,Jason Moore,CS,Freshman,3.8+,CP02,false,2026-08-26,true
ST0942,Maya Singh,EE,Junior,3.0-3.4,CP16,false,2026-08-31,true
ST0943,Noah Anderson,BIT,Senior,3.5-3.7,CP17,true,2026-09-18,true
ST0944,Mei Johnson,CMDA,Sophomore,3.8+,CP03,false,2026-09-14,true
ST0945,Ava Thomas,BIT,Junior,3.5-3.7,CP10,false,2026-09-06,true
ST0946,Maya Chen,BIT,Junior,<3.0,CP11,false,2026-09-13,true
ST0947,Luke Hall,CPE,Senior,3.8+,CP10,false,2026-08-22,true
ST0948,Grace Garcia,BIT,Senior,3.8+,CP07,false,2026-08-20,true
ST0949,Ben Hall,COMM,Sophomore,3.0-3.4,CP12,false,2026-09-18,true
ST0950,Chloe Williams,CPE,Junior,<3.0,CP07,true,2026-08-20,true
ST0951,Luke Brown,MKTG,Freshman,3.8+,CP14,false,2026-09-12,true
ST0952,Raj Chen,CEE,Freshman,<3.0,CP17,false,2026-08-29,true
ST0953,Yara Davis,ISE,Freshman,3.0-3.4,CP13,false,2026-09-02,true
ST0954,Sofia Jackson,CS,Freshman,3.5-3.7,CP01,false,2026-09-06,true
ST0955,Ava Williams,MKTG,Senior,3.8+,CP14,false,2026-08-28,true
ST0956,Leah Chen,CPE,Sophomore,<3.0,CP16,false,2026-09-01,true
ST0957,Jordan Jackson,FIN,Sophomore,3.0-3.4,CP04,false,2026-09-14,true
ST0958,Caleb Hall,CPE,Junior,3.5-3.7,CP10,false,2026-09-08,true
ST0959,Andre Smith,ISE,Senior,3.0-3.4,CP03,true,2026-09-13,true
ST0960,Ava Jackson,CS,Freshman,3.8+,CP02,false,2026-09-06,true
ST0961,Caleb Jackson,CPE,Freshman,3.8+,CP15,true,2026-09-02,true
ST0962,Liam Brown,ECON,Senior,<3.0,CP12,true,2026-09-15,true
ST0963,Omar Lopez,CPE,Senior,<3.0,CP01,false,2026-09-19,true
ST0964,Zoe Young,ME,Senior,3.0-3.4,CP15,false,2026-08-22,true
ST0965,Fatima Lee,CMDA,Junior,<3.0,CP06,false,2026-09-15,true
ST0966,Aiden Martinez,MGT,Sophomore,<3.0,CP13,false,2026-09-03,true
ST0967,Hannah Williams,ECON,Freshman,<3.0,CP17,true,2026-09-17,true
ST0968,Emily Hall,CS,Freshman,3.5-3.7,CP02,false,2026-09-06,true
ST0969,Aiden Singh,CS,Freshman,3.8+,CP01,false,2026-09-03,true
ST0970,Andre Hall,BIO,Freshman,3.8+,CP18,false,2026-08-29,true
ST0971,Ava Kim,CS,Sophomore,<3.0,CP06,false,2026-09-09,true
ST0972,Omar Nguyen,EE,Senior,3.0-3.4,CP16,false,2026-08-30,true
ST0973,Aiden Kim,FIN,Sophomore,3.5-3.7,CP09,false,2026-09-04,true
ST0974,Yara Lopez,BIT,Junior,3.8+,CP11,false,2026-09-12,true
ST0975,Jason Thomas,CS,Freshman,3.5-3.7,CP02,false,2026-09-08,true
ST0976,Aisha Hall,MATH,Freshman,3.0-3.4,CP01,false,2026-09-18,true
ST0977,Andre Martinez,FIN,Junior,<3.0,CP09,false,2026-09-12,true
ST0978,Maya Garcia,MATH,Freshman,<3.0,CP06,false,2026-09-02,true
ST0979,Noah Thomas,COMM,Sophomore,3.8+,CP14,false,2026-09-06,true
ST0980,Ryan Brown,BIT,Freshman,3.0-3.4,CP08,false,2026-09-01,true
ST0981,Leah Smith,CS,Sophomore,3.5-3.7,CP03,false,2026-08-23,true
ST0982,Nina Chen,ACIS,Sophomore,<3.0,CP04,false,2026-08-21,true
ST0983,Aiden Martinez,CEE,Sophomore,3.8+,CP17,false,2026-09-15,true
ST0984,Hannah Chen,FIN,Freshman,<3.0,CP04,false,2026-09-13,true
ST0985,Grace Brown,ID,Freshman,<3.0,CP12,false,2026-09-02,true
ST0986,Aisha Kim,BIO,Junior,3.8+,CP18,false,2026-09-19,true
ST0987,Sara Wilson,ECON,Senior,3.5-3.7,CP19,false,2026-09-11,true
ST0988,Olivia Garcia,BME,Sophomore,3.0-3.4,CP18,false,2026-08-26,true
ST0989,Ines Young,FIN,Senior,3.5-3.7,CP09,false,2026-09-17,true
ST0990,Hannah Lopez,MGT,Sophomore,3.5-3.7,CP07,false,2026-08-27,true
ST0991,Grace Johnson,CPE,Senior,3.5-3.7,CP16,false,2026-09-04,true
ST0992,Sara Lopez,ID,Senior,<3.0,CP12,false,2026-08-27,true
ST0993,Diego Smith,MATH,Freshman,3.5-3.7,CP06,false,2026-09-02,true
ST0994,Tyler Jackson,CEE,Junior,3.8+,CP17,false,2026-09-02,true
ST0995,Ben Lee,MKTG,Senior,3.5-3.7,CP03,true,2026-08-25,true
ST0996,Ava Wilson,CS,Junior,<3.0,CP03,false,2026-08-31,true
ST0997,Olivia Kim,CEE,Sophomore,<3.0,CP17,false,2026-08-29,true
ST0998,Leah Brown,CS,Senior,3.5-3.7,CP01,false,2026-09-14,true
ST0999,Ethan Smith,CS,Freshman,3.0-3.4,CP05,true,2026-09-10,true
ST1000,Liam Thomas,CEE,Senior,<3.0,CP17,false,2026-09-03,true
ST1001,Andre Wilson,CEE,Sophomore,3.5-3.7,CP17,false,2026-09-12,true
ST1002,Kevin Anderson,CPE,Senior,3.0-3.4,CP03,false,2026-09-05,true
ST1003,Marcus Brown,STAT,Freshman,3.8+,CP06,false,2026-09-14,true
ST1004,Chloe Wilson,CS,Junior,3.5-3.7,CP07,true,2026-08-28,true
ST1005,Zoe Davis,MATH,Senior,3.8+,CP02,false,2026-08-22,true
ST1006,Sara Wilson,FIN,Freshman,3.0-3.4,CP04,false,2026-09-10,true
ST1007,Raj Lee,BIO,Freshman,3.5-3.7,CP18,false,2026-08-24,true
ST1008,Caleb Brown,ME,Junior,3.8+,CP15,false,2026-09-03,true
ST1009,Ines Singh,MKTG,Sophomore,<3.0,CP14,false,2026-09-19,true
ST1010,Ben Nguyen,MATH,Junior,3.0-3.4,CP06,false,2026-08-28,true
ST1011,Caleb Clark,CEE,Sophomore,3.8+,CP17,false,2026-08-20,true
ST1012,Hannah Martinez,MKTG,Sophomore,3.8+,CP14,false,2026-08-21,true
ST1013,Chloe Singh,ME,Senior,3.5-3.7,CP15,false,2026-08-21,true
ST1014,Raj Moore,ME,Sophomore,<3.0,CP15,false,2026-09-10,true
ST1015,Hannah Patel,CEE,Freshman,<3.0,CP11,true,2026-09-16,true
ST1016,Caleb Martinez,CS,Senior,3.8+,CP03,false,2026-09-06,true
ST1017,Emily Clark,ACIS,Senior,<3.0,CP04,false,2026-09-18,true
ST1018,Kevin Clark,ID,Freshman,3.0-3.4,CP11,false,2026-09-18,true
ST1019,Nina Jackson,CS,Sophomore,3.8+,CP03,false,2026-09-10,true
ST1020,Sofia Young,CPE,Freshman,3.8+,CP03,false,2026-09-11,true
ST1021,Grace Chen,CS,Freshman,3.8+,CP12,false,2026-09-08,true
ST1022,Ava Young,MKTG,Senior,<3.0,CP14,false,2026-09-01,true
ST1023,Cole Moore,ACIS,Junior,3.8+,CP09,false,2026-09-11,true
ST1024,Zoe Hall,BIO,Junior,<3.0,CP18,false,2026-09-17,true
ST1025,Chloe Jackson,COMM,Freshman,3.8+,CP03,true,2026-08-21,true
ST1026,Jason Martinez,PSCI,Senior,3.8+,CP14,true,2026-08-20,true
ST1027,Chloe Brown,CMDA,Junior,3.8+,CP03,false,2026-09-01,true
ST1028,Aisha Anderson,CS,Freshman,3.8+,CP12,false,2026-09-14,true
ST1029,Aisha Thomas,PSCI,Senior,3.8+,CP19,false,2026-09-04,true
ST1030,Priya Johnson,ACIS,Freshman,3.8+,CP09,false,2026-09-05,true
ST1031,Caleb Chen,BME,Freshman,<3.0,CP18,false,2026-09-10,true
ST1032,Kevin Brown,MGT,Junior,3.0-3.4,CP14,false,2026-09-12,true
ST1033,Ryan Garcia,FIN,Sophomore,3.5-3.7,CP07,false,2026-09-10,true
ST1034,Leah Davis,FIN,Junior,3.0-3.4,CP09,false,2026-09-14,true
ST1035,Yara Patel,MKTG,Senior,3.0-3.4,CP14,false,2026-09-15,true
ST1036,Leah Singh,ACIS,Junior,<3.0,CP09,false,2026-09-09,true
ST1037,Liam Lee,COMM,Junior,3.5-3.7,CP14,false,2026-09-11,true
ST1038,Chloe Williams,CS,Junior,<3.0,CP07,true,2026-08-21,true
ST1039,Hannah Lopez,CMDA,Sophomore,<3.0,CP06,false,2026-08-30,true
ST1040,Aiden Brown,CEE,Senior,3.5-3.7,CP17,false,2026-09-04,true
ST1041,Maya Lopez,EE,Freshman,3.0-3.4,CP16,false,2026-09-03,true
ST1042,Liam Lee,ISE,Junior,3.8+,CP07,false,2026-09-18,true
ST1043,Aisha Hall,CMDA,Senior,3.5-3.7,CP08,false,2026-08-26,true
ST1044,Yara Lopez,BIO,Junior,3.5-3.7,CP18,false,2026-09-18,true
ST1045,Priya Nguyen,FIN,Sophomore,3.5-3.7,CP04,false,2026-08-31,true
ST1046,Sofia Kim,EE,Junior,3.5-3.7,CP16,false,2026-09-18,true
ST1047,Jason Nguyen,COMM,Freshman,3.0-3.4,CP19,false,2026-08-24,true
ST1048,Olivia Hall,CS,Sophomore,3.5-3.7,CP11,false,2026-09-09,true
ST1049,Liam Smith,ECON,Freshman,3.8+,CP02,false,2026-09-17,true
ST1050,Ines Wilson,CS,Freshman,3.8+,CP06,false,2026-08-23,true
ST1051,Cole Hall,CEE,Freshman,<3.0,CP17,false,2026-08-22,true
ST1052,Diego Chen,ME,Junior,3.0-3.4,CP02,true,2026-09-07,true
ST1053,Fatima Thomas,MGT,Freshman,3.8+,CP14,false,2026-09-14,true
ST1054,Noah Kim,CEE,Freshman,3.0-3.4,CP17,false,2026-08-22,true
ST1055,Ben Moore,BIO,Freshman,3.8+,CP18,false,2026-09-06,true
ST1056,Jason Brown,CEE,Junior,3.8+,CP12,true,2026-08-25,true
ST1057,Hannah Martinez,CEE,Freshman,3.0-3.4,CP17,false,2026-09-03,true
ST1058,Raj Moore,BME,Senior,3.0-3.4,CP18,false,2026-09-01,true
ST1059,Caleb Lee,CS,Senior,3.0-3.4,CP04,true,2026-09-18,true
ST1060,Zoe Wilson,ECON,Sophomore,<3.0,CP05,false,2026-08-26,true
ST1061,Tyler Anderson,BIO,Junior,<3.0,CP18,false,2026-08-28,true
ST1062,Cole Singh,FIN,Junior,3.5-3.7,CP07,false,2026-09-11,true
ST1063,Chloe Young,BIO,Sophomore,<3.0,CP18,false,2026-08-29,true
ST1064,Raj Young,FIN,Freshman,3.8+,CP04,false,2026-08-26,true
ST1065,Emily Hall,BIO,Sophomore,3.0-3.4,CP18,false,2026-08-30,true
ST1066,Ines Moore,MKTG,Junior,3.5-3.7,CP14,false,2026-09-18,true
ST1067,Aiden Johnson,BME,Freshman,3.5-3.7,CP18,false,2026-09-01,true
ST1068,Mei Wilson,BME,Senior,3.5-3.7,CP18,false,2026-09-18,true
ST1069,Emily Martinez,STAT,Sophomore,3.0-3.4,CP02,false,2026-08-29,true
ST1070,Raj Chen,FIN,Junior,3.0-3.4,CP05,false,2026-09-13,true
ST1071,Jordan Hall,ME,Freshman,3.5-3.7,CP15,false,2026-09-14,true
ST1072,Ethan Davis,CS,Senior,<3.0,CP03,false,2026-09-12,true
ST1073,Grace Smith,ACIS,Senior,3.8+,CP03,true,2026-08-21,true
ST1074,Tyler Hall,BME,Junior,3.5-3.7,CP18,false,2026-08-21,true
ST1075,Mei Singh,CPE,Senior,3.5-3.7,CP01,false,2026-09-12,true
ST1076,Jason Anderson,CMDA,Sophomore,3.8+,CP03,false,2026-09-13,true
ST1077,Grace Young,MGT,Sophomore,<3.0,CP06,true,2026-09-09,true
ST1078,Cole Singh,BIT,Junior,3.8+,CP08,false,2026-09-17,true
ST1079,Diego Moore,BME,Freshman,3.8+,CP18,false,2026-08-24,true
ST1080,Ines Johnson,FIN,Junior,<3.0,CP03,true,2026-09-14,true
ST1081,Marcus Lopez,PSCI,Junior,<3.0,CP19,false,2026-09-01,true
ST1082,Kevin Hall,CMDA,Freshman,<3.0,CP08,false,2026-08-22,true
ST1083,Liam Clark,ECON,Junior,<3.0,CP04,false,2026-09-08,true
ST1084,Ben Lee,CS,Sophomore,<3.0,CP08,false,2026-09-03,true
ST1085,Olivia Martinez,BME,Senior,3.0-3.4,CP18,false,2026-09-11,true
ST1086,Olivia Lopez,CMDA,Freshman,<3.0,CP01,false,2026-09-06,true
ST1087,Sara Jackson,CS,Freshman,3.8+,CP01,false,2026-09-11,true
ST1088,Noah Williams,CEE,Junior,3.0-3.4,CP17,false,2026-09-06,true
ST1089,Fatima Clark,CEE,Junior,<3.0,CP17,false,2026-08-24,true
ST1090,Cole Brown,CS,Sophomore,3.8+,CP10,false,2026-08-27,true
ST1091,Cole Brown,CMDA,Sophomore,3.5-3.7,CP06,false,2026-09-04,true
ST1092,Luke Chen,CS,Junior,<3.0,CP12,false,2026-09-05,true
ST1093,Noah Garcia,FIN,Senior,3.5-3.7,CP05,false,2026-09-01,true
ST1094,Aiden Brown,CMDA,Freshman,<3.0,CP08,false,2026-08-21,true
ST1095,Hannah Hall,BME,Senior,3.8+,CP18,false,2026-09-07,true
ST1096,Ryan Jackson,EE,Freshman,3.0-3.4,CP16,false,2026-09-18,true
ST1097,Ryan Thomas,CS,Sophomore,<3.0,CP11,false,2026-08-20,true
ST1098,Emily Nguyen,ID,Senior,3.5-3.7,CP11,false,2026-09-19,true
ST1099,Cole Chen,BIO,Senior,3.5-3.7,CP18,false,2026-09-18,true
ST1100,Cole Clark,ACIS,Freshman,<3.0,CP09,false,2026-09-14,true
ST1101,Ben Smith,CS,Senior,<3.0,CP08,false,2026-08-20,true
ST1102,Mei Smith,BIT,Senior,3.5-3.7,CP08,false,2026-08-22,true
ST1103,Chloe Young,CMDA,Freshman,3.5-3.7,CP03,false,2026-09-16,true
ST1104,Hannah Nguyen,FIN,Junior,3.0-3.4,CP05,false,2026-09-15,true
ST1105,Nina Lopez,FIN,Freshman,<3.0,CP08,true,2026-08-24,true
ST1106,Jordan Jackson,CPE,Junior,3.5-3.7,CP16,false,2026-08-24,true
ST1107,Luke Lopez,FIN,Sophomore,3.8+,CP07,false,2026-08-26,true
ST1108,Liam Thomas,FIN,Senior,<3.0,CP07,false,2026-09-07,true
ST1109,Sofia Lopez,PSCI,Junior,3.0-3.4,CP19,false,2026-09-19,true
ST1110,Omar Martinez,ME,Freshman,3.0-3.4,CP15,false,2026-09-15,true
ST1111,Nina Patel,ACIS,Senior,3.8+,CP04,false,2026-09-19,true
ST1112,Andre Lopez,BIT,Freshman,3.8+,CP03,true,2026-09-18,true
ST1113,Aisha Thomas,ISE,Senior,3.0-3.4,CP15,false,2026-09-05,true
ST1114,Luke Johnson,BME,Senior,<3.0,CP18,false,2026-09-08,true
ST1115,Aisha Hall,ME,Junior,<3.0,CP03,true,2026-08-25,true
ST1116,Aiden Lee,MGT,Freshman,3.8+,CP02,true,2026-08-25,true
ST1117,Jason Smith,FIN,Sophomore,3.0-3.4,CP09,false,2026-09-17,true
ST1118,Leah Williams,MATH,Freshman,3.8+,CP02,false,2026-08-20,true
ST1119,Noah Singh,BIO,Sophomore,3.0-3.4,CP11,true,2026-08-28,true
ST1120,Kevin Nguyen,ISE,Freshman,<3.0,CP08,false,2026-08-26,true
ST1121,Olivia Singh,MGT,Senior,3.0-3.4,CP14,false,2026-09-19,true
ST1122,Sara Thomas,ECON,Sophomore,3.5-3.7,CP07,false,2026-09-16,true
ST1123,Grace Jackson,CPE,Freshman,3.8+,CP11,true,2026-09-04,true
ST1124,Marcus Wilson,ME,Junior,3.8+,CP15,false,2026-09-18,true
ST1125,Olivia Clark,BME,Sophomore,3.8+,CP18,false,2026-08-27,true
ST1126,Ryan Young,BME,Senior,3.8+,CP18,false,2026-08-22,true
ST1127,Sofia Garcia,CPE,Senior,<3.0,CP03,false,2026-09-09,true
ST1128,Tyler Clark,ME,Senior,3.8+,CP15,false,2026-08-28,true
ST1129,Caleb Martinez,FIN,Senior,3.0-3.4,CP04,false,2026-09-01,true
ST1130,Raj Lopez,MGT,Senior,<3.0,CP07,false,2026-09-15,true
ST1131,Omar Moore,CS,Sophomore,3.0-3.4,CP02,false,2026-09-11,true
ST1132,Luke Chen,BIT,Junior,<3.0,CP11,false,2026-08-27,true
ST1133,Ryan Young,EE,Senior,3.5-3.7,CP16,false,2026-09-01,true
ST1134,Fatima Williams,FIN,Junior,3.0-3.4,CP08,true,2026-08-26,true
ST1135,Andre Clark,CS,Senior,3.0-3.4,CP03,false,2026-09-18,true
ST1136,Kevin Anderson,BIO,Junior,<3.0,CP18,false,2026-09-17,true
ST1137,Diego Garcia,ACIS,Senior,<3.0,CP09,false,2026-08-29,true
ST1138,Sofia Smith,FIN,Senior,<3.0,CP05,false,2026-09-03,true
ST1139,Mei Kim,CPE,Junior,<3.0,CP01,false,2026-08-23,true
ST1140,Omar Smith,ID,Senior,<3.0,CP02,true,2026-08-27,true
ST1141,Maya Anderson,BIT,Freshman,<3.0,CP04,true,2026-08-22,true
ST1142,Grace Chen,CS,Senior,<3.0,CP08,false,2026-09-18,true
ST1143,Emily Brown,MATH,Junior,<3.0,CP08,true,2026-09-05,true
ST1144,Ben Patel,BIO,Senior,3.0-3.4,CP18,false,2026-09-02,true
ST1145,Fatima Moore,ME,Junior,3.0-3.4,CP15,false,2026-09-09,true
ST1146,Ben Kim,BME,Junior,<3.0,CP18,false,2026-09-11,true
ST1147,Kevin Thomas,FIN,Freshman,3.0-3.4,CP07,false,2026-09-01,true
ST1148,Omar Anderson,CPE,Sophomore,<3.0,CP03,false,2026-08-21,true
ST1149,Noah Jackson,BIO,Junior,3.8+,CP18,false,2026-09-07,true
ST1150,Andre Patel,CS,Sophomore,3.8+,CP03,false,2026-09-02,true
ST1151,Aisha Moore,ID,Freshman,3.8+,CP12,false,2026-09-03,true
ST1152,Chloe Nguyen,PSCI,Junior,3.0-3.4,CP19,false,2026-09-14,true
ST1153,Jason Brown,BIT,Senior,<3.0,CP08,false,2026-08-25,true
ST1154,Zoe Singh,CS,Sophomore,3.8+,CP12,false,2026-09-14,true
ST1155,Hannah Thomas,CS,Senior,3.0-3.4,CP10,false,2026-08-27,true
ST1156,Ben Kim,CS,Sophomore,3.5-3.7,CP06,false,2026-08-23,true
ST1157,Maya Anderson,FIN,Freshman,3.5-3.7,CP04,false,2026-09-03,true
ST1158,Olivia Moore,MATH,Junior,3.5-3.7,CP01,false,2026-09-19,true
ST1159,Ryan Moore,ACIS,Senior,<3.0,CP04,false,2026-09-14,true
ST1160,Sara Clark,MATH,Sophomore,3.8+,CP01,false,2026-09-06,true
ST1161,Aisha Clark,ME,Junior,3.0-3.4,CP15,false,2026-08-24,true
ST1162,Priya Nguyen,CPE,Sophomore,3.0-3.4,CP03,false,2026-08-24,true
ST1163,Chloe Jackson,FIN,Junior,3.5-3.7,CP07,false,2026-09-02,true
ST1164,Caleb Garcia,ISE,Freshman,3.0-3.4,CP13,false,2026-08-31,true
ST1165,Olivia Williams,COMM,Freshman,3.5-3.7,CP12,false,2026-09-15,true
ST1166,Raj Smith,MATH,Sophomore,3.8+,CP06,false,2026-09-04,true
ST1167,Zoe Hall,FIN,Senior,3.8+,CP05,false,2026-08-24,true
ST1168,Sara Williams,FIN,Freshman,3.5-3.7,CP09,false,2026-09-10,true
ST1169,Jason Hall,CS,Sophomore,<3.0,CP02,false,2026-08-22,true
ST1170,Omar Smith,COMM,Freshman,3.8+,CP12,false,2026-08-27,true
ST1171,Jordan Williams,CS,Sophomore,3.5-3.7,CP06,false,2026-09-06,true
ST1172,Aiden Young,ECON,Sophomore,<3.0,CP07,false,2026-09-10,true
ST1173,Hannah Hall,MATH,Senior,3.8+,CP02,false,2026-09-17,true
ST1174,Ava Lee,CS,Freshman,<3.0,CP03,false,2026-09-10,true
ST1175,Caleb Kim,CS,Freshman,3.5-3.7,CP10,false,2026-09-19,true
ST1176,Emily Johnson,BME,Senior,3.0-3.4,CP18,false,2026-09-01,true
ST1177,Ava Clark,CEE,Freshman,3.8+,CP17,false,2026-09-19,true
ST1178,Ines Nguyen,CS,Sophomore,3.8+,CP08,false,2026-09-03,true
ST1179,Luke Thomas,BIT,Freshman,3.0-3.4,CP11,false,2026-09-14,true
ST1180,Mei Thomas,ME,Senior,3.0-3.4,CP04,true,2026-09-08,true
ST1181,Emily Young,STAT,Freshman,3.8+,CP02,false,2026-09-17,true
ST1182,Tyler Jackson,FIN,Sophomore,3.8+,CP05,false,2026-09-07,true
ST1183,Chloe Lopez,ISE,Sophomore,<3.0,CP13,false,2026-08-26,true
ST1184,Grace Lee,CPE,Junior,3.5-3.7,CP03,false,2026-09-02,true
ST1185,Priya Moore,ISE,Sophomore,3.0-3.4,CP07,false,2026-09-14,true
ST1186,Cole Thomas,FIN,Junior,3.8+,CP05,false,2026-08-29,true
ST1187,Ava Williams,BIT,Freshman,3.8+,CP08,false,2026-09-12,true
ST1188,Yara Williams,MGT,Sophomore,<3.0,CP11,false,2026-09-16,true
ST1189,Jordan Patel,BIT,Freshman,<3.0,CP10,false,2026-09-15,true
ST1190,Ethan Lee,MGT,Freshman,<3.0,CP05,true,2026-09-04,true
ST1191,Aisha Hall,FIN,Freshman,3.5-3.7,CP11,true,2026-09-18,true
ST1192,Cole Smith,ECON,Sophomore,3.8+,CP05,false,2026-08-24,true
ST1193,Kevin Young,FIN,Junior,<3.0,CP09,false,2026-08-21,true
ST1194,Jordan Clark,CS,Junior,<3.0,CP12,false,2026-09-09,true
ST1195,Jason Patel,BIO,Sophomore,3.8+,CP18,false,2026-09-15,true
ST1196,Chloe Davis,EE,Sophomore,3.8+,CP03,true,2026-09-04,true
ST1197,Kevin Clark,CMDA,Freshman,3.0-3.4,CP14,true,2026-09-19,true
ST1198,Mei Chen,FIN,Senior,3.8+,CP11,true,2026-08-21,true
ST1199,Liam Clark,CS,Freshman,3.0-3.4,CP08,false,2026-09-03,true
ST1200,Olivia Thomas,FIN,Freshman,3.5-3.7,CP09,false,2026-08-20,true
